Name,Platform,Year,Genre,Publisher,NA_Sales,EU_Sales,JP_Sales,Other_Sales,Global_Sales,Release Date,Team,Rating,Times Listed,Number of Reviews,Genres,Plays,Playing,Backlogs,Wishlist
Wii Sports,Wii,2006,Sports,Nintendo,41.49,29.02,3.77,8.46,82.74,2006-11-19,"Nintendo, Nintendo EAD Group No. 2",3.7,775.0,775.0,"Simulator, Sport",18000.0,39.0,320.0,93.0
Wii Sports,Wii,2006,Sports,Nintendo,41.49,29.02,3.77,8.46,82.74,2006-11-19,"Nintendo, Nintendo EAD Group No. 2",3.7,775.0,775.0,"Simulator, Sport",18000.0,39.0,320.0,93.0
Wii Sports,Wii,2006,Sports,Nintendo,41.49,29.02,3.77,8.46,82.74,2006-11-19,"Nintendo, Nintendo EAD Group No. 2",3.7,775.0,775.0,"Simulator, Sport",18000.0,39.0,320.0,93.0
Super Mario Bros.,NES,1985,Platform,Nintendo,29.08,3.58,6.81,0.77,40.24,1985-09-13,"Nintendo, Nintendo R&D4",3.5,1500.0,1500.0,"Adventure, Platform",18000.0,59.0,733.0,237.0
Mario Kart Wii,Wii,2008,Racing,Nintendo,15.85,12.88,3.79,3.31,35.82,2008-04-10,"Nintendo, Nintendo EAD",3.9,1000.0,1000.0,Racing,19000.0,88.0,461.0,168.0
Mario Kart Wii,Wii,2008,Racing,Nintendo,15.85,12.88,3.79,3.31,35.82,2008-04-10,"Nintendo, Nintendo EAD",3.9,1000.0,1000.0,Racing,19000.0,88.0,461.0,168.0
Mario Kart Wii,Wii,2008,Racing,Nintendo,15.85,12.88,3.79,3.31,35.82,2008-04-10,"Nintendo, Nintendo EAD",3.9,1000.0,1000.0,Racing,19000.0,88.0,461.0,168.0
Tetris,GB,1989,Puzzle,Nintendo,23.2,2.26,4.22,0.58,30.26,1989-11-01,Nintendo,4.1,688.0,688.0,"Arcade, Puzzle",9600.0,54.0,175.0,66.0
Tetris,GB,1989,Puzzle,Nintendo,23.2,2.26,4.22,0.58,30.26,1989-11-01,Nintendo,4.1,688.0,688.0,"Arcade, Puzzle",9600.0,54.0,175.0,66.0
Tetris,GB,1989,Puzzle,Nintendo,23.2,2.26,4.22,0.58,30.26,1989-05-14,Nintendo,4.0,197.0,197.0,Puzzle,2500.0,18.0,76.0,21.0
New Super Mario Bros.,DS,2006,Platform,Nintendo,11.38,9.23,6.5,2.9,30.01,2006-05-15,Nintendo,3.5,991.0,991.0,"Adventure, Platform",16000.0,108.0,824.0,287.0
New Super Mario Bros.,DS,2006,Platform,Nintendo,11.38,9.23,6.5,2.9,30.01,2006-05-15,Nintendo,3.5,991.0,991.0,"Adventure, Platform",16000.0,108.0,824.0,287.0
New Super Mario Bros. Wii,Wii,2009,Platform,Nintendo,14.59,7.06,4.7,2.26,28.62,2009-11-12,"Nintendo, Nintendo EAD",3.5,859.0,859.0,"Adventure, Platform",13000.0,85.0,696.0,241.0
New Super Mario Bros. Wii,Wii,2009,Platform,Nintendo,14.59,7.06,4.7,2.26,28.62,2009-11-12,"Nintendo, Nintendo EAD",3.5,859.0,859.0,"Adventure, Platform",13000.0,85.0,696.0,241.0
Mario Kart DS,DS,2005,Racing,Nintendo,9.81,7.57,4.13,1.92,23.42,2005-11-14,Nintendo EAD Group No. 1,3.8,857.0,857.0,Racing,15000.0,36.0,417.0,159.0
Grand Theft Auto V,PS3,2013,Action,Take-Two Interactive,7.01,9.27,0.97,4.14,21.4,2013-09-17,"Rockstar North, Rockstar Games",3.8,2100.0,2100.0,"Adventure, Shooter",30000.0,829.0,3200.0,664.0
Grand Theft Auto V,PS3,2013,Action,Take-Two Interactive,7.01,9.27,0.97,4.14,21.4,2013-09-17,"Rockstar North, Rockstar Games",3.8,2100.0,2100.0,"Adventure, Shooter",30000.0,829.0,3200.0,664.0
Grand Theft Auto V,PS3,2013,Action,Take-Two Interactive,7.01,9.27,0.97,4.14,21.4,2013-09-17,"Rockstar North, Rockstar Games",3.8,2100.0,2100.0,"Adventure, Shooter",30000.0,829.0,3200.0,664.0
Grand Theft Auto: San Andreas,PS2,2004,Action,Take-Two Interactive,9.43,0.4,0.41,10.57,20.81,2004-10-26,"Rockstar Games, Rockstar North",4.1,1500.0,1500.0,"Adventure, Racing, Shooter",19000.0,270.0,2400.0,742.0
Super Mario World,SNES,1990,Platform,Nintendo,12.78,3.75,3.54,0.55,20.61,1990-11-21,"Nintendo, Nintendo EAD",4.2,2100.0,2100.0,"Adventure, Platform",18000.0,218.0,1700.0,460.0
Super Mario Bros. 3,NES,1988,Platform,Nintendo,9.54,3.44,3.84,0.46,17.28,1988-10-23,"Nintendo R&D4, Nintendo",4.0,1600.0,1600.0,Platform,14000.0,109.0,1400.0,362.0
Super Mario Bros. 3,NES,1988,Platform,Nintendo,9.54,3.44,3.84,0.46,17.28,1988-10-23,"Nintendo R&D4, Nintendo",4.0,1600.0,1600.0,Platform,14000.0,109.0,1400.0,362.0
Super Mario Bros. 3,NES,1988,Platform,Nintendo,9.54,3.44,3.84,0.46,17.28,1988-10-23,"Nintendo R&D4, Nintendo",4.0,1600.0,1600.0,Platform,14000.0,109.0,1400.0,362.0
Grand Theft Auto V,X360,2013,Action,Take-Two Interactive,9.63,5.31,0.06,1.38,16.38,2013-09-17,"Rockstar North, Rockstar Games",3.8,2100.0,2100.0,"Adventure, Shooter",30000.0,829.0,3200.0,664.0
Grand Theft Auto V,X360,2013,Action,Take-Two Interactive,9.63,5.31,0.06,1.38,16.38,2013-09-17,"Rockstar North, Rockstar Games",3.8,2100.0,2100.0,"Adventure, Shooter",30000.0,829.0,3200.0,664.0
Grand Theft Auto V,X360,2013,Action,Take-Two Interactive,9.63,5.31,0.06,1.38,16.38,2013-09-17,"Rockstar North, Rockstar Games",3.8,2100.0,2100.0,"Adventure, Shooter",30000.0,829.0,3200.0,664.0
Grand Theft Auto: Vice City,PS2,2002,Action,Take-Two Interactive,8.41,5.49,0.47,1.78,16.15,2002-10-27,"Rockstar Games, Rockstar North",3.8,1000.0,1000.0,"Adventure, Arcade, Racing, Shooter",12000.0,125.0,1600.0,526.0
Call of Duty: Modern Warfare 3,X360,2011,Shooter,Activision,9.03,4.28,0.13,1.32,14.76,2011-11-08,"Sledgehammer Games, Activision",3.2,587.0,587.0,"Adventure, Shooter, Tactical",10000.0,27.0,492.0,195.0
Call of Duty: Black Ops,X360,2010,Shooter,Activision,9.67,3.73,0.11,1.13,14.64,2010-11-09,"Activision, Treyarch",3.7,920.0,920.0,Shooter,14000.0,44.0,611.0,318.0
Call of Duty: Black Ops,X360,2010,Shooter,Activision,9.67,3.73,0.11,1.13,14.64,2010-11-09,"Activision, Treyarch",3.7,920.0,920.0,Shooter,14000.0,44.0,611.0,318.0
Call of Duty: Black Ops II,PS3,2012,Shooter,Activision,4.99,5.88,0.65,2.52,14.03,2012-11-12,"Treyarch, Activision",3.8,903.0,903.0,Shooter,13000.0,57.0,626.0,286.0
Call of Duty: Black Ops II,PS3,2012,Shooter,Activision,4.99,5.88,0.65,2.52,14.03,2012-11-12,"Treyarch, Activision",3.8,903.0,903.0,Shooter,13000.0,57.0,626.0,286.0
Call of Duty: Black Ops II,X360,2012,Shooter,Activision,8.25,4.3,0.07,1.12,13.73,2012-11-12,"Treyarch, Activision",3.8,903.0,903.0,Shooter,13000.0,57.0,626.0,286.0
Call of Duty: Black Ops II,X360,2012,Shooter,Activision,8.25,4.3,0.07,1.12,13.73,2012-11-12,"Treyarch, Activision",3.8,903.0,903.0,Shooter,13000.0,57.0,626.0,286.0
Call of Duty: Modern Warfare 2,X360,2009,Shooter,Activision,8.52,3.63,0.08,1.29,13.51,2009-11-10,"Infinity Ward, Activision",3.8,1000.0,1000.0,Shooter,14000.0,34.0,666.0,276.0
Call of Duty: Modern Warfare 3,PS3,2011,Shooter,Activision,5.54,5.82,0.49,1.62,13.46,2011-11-08,"Sledgehammer Games, Activision",3.2,587.0,587.0,"Adventure, Shooter, Tactical",10000.0,27.0,492.0,195.0
Grand Theft Auto III,PS2,2001,Action,Take-Two Interactive,6.99,4.51,0.3,1.3,13.1,2001-10-22,"DMA Design, Rockstar Games",3.3,711.0,711.0,"Adventure, Racing, Shooter, Simulator",7800.0,88.0,1300.0,373.0
Super Smash Bros. Brawl,Wii,2008,Fighting,Nintendo,6.75,2.61,2.66,1.02,13.04,2008-01-31,"Nintendo, Sora",3.8,1300.0,1300.0,"Fighting, Platform",19000.0,51.0,511.0,250.0
Super Smash Bros. Brawl,Wii,2008,Fighting,Nintendo,6.75,2.61,2.66,1.02,13.04,2008-01-31,"Nintendo, Sora",3.8,1300.0,1300.0,"Fighting, Platform",19000.0,51.0,511.0,250.0
Call of Duty: Black Ops,PS3,2010,Shooter,Activision,5.98,4.44,0.48,1.83,12.73,2010-11-09,"Activision, Treyarch",3.7,920.0,920.0,Shooter,14000.0,44.0,611.0,318.0
Call of Duty: Black Ops,PS3,2010,Shooter,Activision,5.98,4.44,0.48,1.83,12.73,2010-11-09,"Activision, Treyarch",3.7,920.0,920.0,Shooter,14000.0,44.0,611.0,318.0
Mario Kart 7,3DS,2011,Racing,Nintendo,4.74,3.91,2.67,0.89,12.21,2011-12-02,Nintendo,3.5,593.0,593.0,Racing,10000.0,59.0,336.0,141.0
Halo 3,X360,2007,Shooter,Microsoft Game Studios,7.97,2.83,0.13,1.21,12.14,2007-09-25,"Bungie, Microsoft Game Studios",4.2,1600.0,1600.0,Shooter,12000.0,101.0,1500.0,528.0
Grand Theft Auto V,PS4,2014,Action,Take-Two Interactive,3.8,5.81,0.36,2.02,11.98,2013-09-17,"Rockstar North, Rockstar Games",3.8,2100.0,2100.0,"Adventure, Shooter",30000.0,829.0,3200.0,664.0
Grand Theft Auto V,PS4,2014,Action,Take-Two Interactive,3.8,5.81,0.36,2.02,11.98,2013-09-17,"Rockstar North, Rockstar Games",3.8,2100.0,2100.0,"Adventure, Shooter",30000.0,829.0,3200.0,664.0
Grand Theft Auto V,PS4,2014,Action,Take-Two Interactive,3.8,5.81,0.36,2.02,11.98,2013-09-17,"Rockstar North, Rockstar Games",3.8,2100.0,2100.0,"Adventure, Shooter",30000.0,829.0,3200.0,664.0
Super Mario 64,N64,1996,Platform,Nintendo,6.91,2.85,1.91,0.23,11.89,1996-06-23,"Nintendo, Nintendo EAD",4.1,2600.0,2600.0,"Adventure, Platform",21000.0,463.0,2500.0,775.0
Super Mario 64,N64,1996,Platform,Nintendo,6.91,2.85,1.91,0.23,11.89,1996-06-23,"Nintendo, Nintendo EAD",4.1,2600.0,2600.0,"Adventure, Platform",21000.0,463.0,2500.0,775.0
Super Mario 64,N64,1996,Platform,Nintendo,6.91,2.85,1.91,0.23,11.89,1996-06-23,"Nintendo, Nintendo EAD",4.1,2600.0,2600.0,"Adventure, Platform",21000.0,463.0,2500.0,775.0
Super Mario Galaxy,Wii,2007,Platform,Nintendo,6.16,3.4,1.2,0.76,11.52,2007-11-01,"Nintendo EAD, Nintendo",4.3,2700.0,2700.0,"Adventure, Platform",21000.0,468.0,3100.0,1200.0
Super Mario Galaxy,Wii,2007,Platform,Nintendo,6.16,3.4,1.2,0.76,11.52,2007-11-01,"Nintendo EAD, Nintendo",4.3,2700.0,2700.0,"Adventure, Platform",21000.0,468.0,3100.0,1200.0
Super Mario Galaxy,Wii,2007,Platform,Nintendo,6.16,3.4,1.2,0.76,11.52,2007-11-01,"Nintendo EAD, Nintendo",4.3,2700.0,2700.0,"Adventure, Platform",21000.0,468.0,3100.0,1200.0
Grand Theft Auto IV,X360,2008,Action,Take-Two Interactive,6.76,3.1,0.14,1.03,11.02,2008-04-29,"Rockstar North, Rockstar Games",3.8,1100.0,1100.0,"Adventure, Racing, Shooter",14000.0,258.0,1900.0,721.0
Super Mario 3D Land,3DS,2011,Platform,Nintendo,4.89,2.99,2.13,0.78,10.79,2011-11-03,"Nintendo EAD, Nintendo",3.5,1000.0,1000.0,Platform,12000.0,146.0,1000.0,461.0
Call of Duty: Modern Warfare 2,PS3,2009,Shooter,Activision,4.99,3.69,0.38,1.63,10.69,2009-11-10,"Infinity Ward, Activision",3.8,1000.0,1000.0,Shooter,14000.0,34.0,666.0,276.0
Grand Theft Auto IV,PS3,2008,Action,Take-Two Interactive,4.76,3.76,0.44,1.62,10.57,2008-04-29,"Rockstar North, Rockstar Games",3.8,1100.0,1100.0,"Adventure, Racing, Shooter",14000.0,258.0,1900.0,721.0
Super Mario 64,DS,2004,Platform,Nintendo,5.08,3.11,1.25,0.98,10.42,1996-06-23,"Nintendo, Nintendo EAD",4.1,2600.0,2600.0,"Adventure, Platform",21000.0,463.0,2500.0,775.0
Super Mario 64,DS,2004,Platform,Nintendo,5.08,3.11,1.25,0.98,10.42,1996-06-23,"Nintendo, Nintendo EAD",4.1,2600.0,2600.0,"Adventure, Platform",21000.0,463.0,2500.0,775.0
Super Mario 64,DS,2004,Platform,Nintendo,5.08,3.11,1.25,0.98,10.42,1996-06-23,"Nintendo, Nintendo EAD",4.1,2600.0,2600.0,"Adventure, Platform",21000.0,463.0,2500.0,775.0
Call of Duty: Ghosts,X360,2013,Shooter,Activision,6.72,2.63,0.04,0.82,10.21,2013-11-05,"Neversoft Entertainment, Activision",2.4,411.0,411.0,Shooter,6500.0,9.0,353.0,150.0
Halo: Reach,X360,2010,Shooter,Microsoft Game Studios,7.03,1.98,0.08,0.78,9.88,2010-09-14,"Bungie, Microsoft Game Studios",4.0,1200.0,1200.0,Shooter,11000.0,98.0,1200.0,370.0
Mario Kart 64,N64,1996,Racing,Nintendo,5.55,1.94,2.23,0.15,9.87,1996-12-14,Nintendo,3.5,725.0,725.0,Racing,9700.0,21.0,389.0,194.0
New Super Mario Bros. 2,3DS,2012,Platform,Nintendo,3.66,3.07,2.47,0.63,9.82,2012-07-28,"Nintendo, Nintendo EAD",2.9,581.0,581.0,"Adventure, Platform",6100.0,47.0,588.0,234.0
Halo 4,X360,2012,Shooter,Microsoft Game Studios,6.63,2.36,0.04,0.73,9.76,2012-11-06,"343 Industries, Microsoft Studios",3.0,674.0,674.0,Shooter,7600.0,57.0,1200.0,277.0
Halo 4,X360,2012,Shooter,Microsoft Game Studios,6.63,2.36,0.04,0.73,9.76,2012-11-06,"343 Industries, Microsoft Studios",3.0,674.0,674.0,Shooter,7600.0,57.0,1200.0,277.0
Final Fantasy VII,PS,1997,Role-Playing,Sony Computer Entertainment,3.01,2.47,3.28,0.96,9.72,1997-01-31,"Square, Eidos Interactive",4.2,2900.0,2900.0,"Adventure, RPG, Turn Based Strategy",15000.0,1100.0,5000.0,1500.0
Final Fantasy VII,PS,1997,Role-Playing,Sony Computer Entertainment,3.01,2.47,3.28,0.96,9.72,1997-01-31,"Square, Eidos Interactive",4.2,2900.0,2900.0,"Adventure, RPG, Turn Based Strategy",15000.0,1100.0,5000.0,1500.0
Final Fantasy VII,PS,1997,Role-Playing,Sony Computer Entertainment,3.01,2.47,3.28,0.96,9.72,2012-08-14,"Square Enix, Square",4.2,103.0,103.0,"RPG, Turn Based Strategy",1200.0,89.0,427.0,70.0
Final Fantasy VII,PS,1997,Role-Playing,Sony Computer Entertainment,3.01,2.47,3.28,0.96,9.72,1997-01-31,"Square, Eidos Interactive",4.2,2900.0,2900.0,"Adventure, RPG, Turn Based Strategy",15000.0,1100.0,5000.0,1500.0
Call of Duty: Ghosts,PS3,2013,Shooter,Activision,4.09,3.73,0.38,1.38,9.59,2013-11-05,"Neversoft Entertainment, Activision",2.4,411.0,411.0,Shooter,6500.0,9.0,353.0,150.0
Donkey Kong Country,SNES,1994,Platform,Nintendo,4.36,1.71,3.0,0.23,9.3,1994-11-18,Rare,3.9,1300.0,1300.0,"Adventure, Platform",11000.0,186.0,1900.0,514.0
Donkey Kong Country,SNES,1994,Platform,Nintendo,4.36,1.71,3.0,0.23,9.3,1994-11-18,Rare,3.9,1300.0,1300.0,"Adventure, Platform",11000.0,186.0,1900.0,514.0
Donkey Kong Country,SNES,1994,Platform,Nintendo,4.36,1.71,3.0,0.23,9.3,1994-11-18,Rare,3.9,1300.0,1300.0,"Adventure, Platform",11000.0,186.0,1900.0,514.0
Minecraft,X360,2013,Misc,Microsoft Game Studios,5.58,2.83,0.02,0.77,9.2,2011-11-18,Mojang Studios,4.3,2300.0,2300.0,"Adventure, Simulator",33000.0,1800.0,1100.0,230.0
Minecraft,X360,2013,Misc,Microsoft Game Studios,5.58,2.83,0.02,0.77,9.2,2011-11-18,Mojang Studios,4.3,2300.0,2300.0,"Adventure, Simulator",33000.0,1800.0,1100.0,230.0
Minecraft,X360,2013,Misc,Microsoft Game Studios,5.58,2.83,0.02,0.77,9.2,2011-11-18,Mojang Studios,4.3,2300.0,2300.0,"Adventure, Simulator",33000.0,1800.0,1100.0,230.0
Minecraft,X360,2013,Misc,Microsoft Game Studios,5.58,2.83,0.02,0.77,9.2,2017-09-20,Mojang Studios,4.2,571.0,571.0,"Adventure, Simulator",11000.0,509.0,412.0,85.0
Animal Crossing: New Leaf,3DS,2012,Simulation,Nintendo,2.01,2.32,4.36,0.41,9.09,2012-11-08,"Nintendo, Nintendo EAD Group No. 2",4.0,813.0,813.0,Simulator,9900.0,156.0,586.0,383.0
The Elder Scrolls V: Skyrim,X360,2011,Role-Playing,Bethesda Softworks,5.03,2.86,0.1,0.85,8.84,2011-11-10,"Bethesda Game Studios, Bethesda Softworks",3.7,1700.0,1700.0,"Adventure, RPG",22000.0,589.0,3000.0,1000.0
The Elder Scrolls V: Skyrim,X360,2011,Role-Playing,Bethesda Softworks,5.03,2.86,0.1,0.85,8.84,2011-11-10,"Bethesda Game Studios, Bethesda Softworks",3.7,1700.0,1700.0,"Adventure, RPG",22000.0,589.0,3000.0,1000.0
The Elder Scrolls V: Skyrim,X360,2011,Role-Playing,Bethesda Softworks,5.03,2.86,0.1,0.85,8.84,2011-11-10,"Bethesda Game Studios, Bethesda Softworks",3.7,1700.0,1700.0,"Adventure, RPG",22000.0,589.0,3000.0,1000.0
GoldenEye 007,N64,1997,Shooter,Nintendo,5.8,2.01,0.13,0.15,8.09,1997-08-23,"Nintendo, Rare",3.6,610.0,610.0,Shooter,4500.0,60.0,646.0,334.0
Final Fantasy X,PS2,2001,Role-Playing,Sony Computer Entertainment,2.91,2.07,2.73,0.33,8.05,2001-07-19,"Square Electronic Arts, Square",4.1,1500.0,1500.0,"Adventure, RPG",8500.0,330.0,2900.0,990.0
Final Fantasy VIII,PS,1999,Role-Playing,SquareSoft,2.28,1.72,3.63,0.23,7.86,1999-02-11,"Square, Square Enix",3.6,982.0,982.0,"Adventure, RPG",5100.0,182.0,2400.0,715.0
Pac-Man,2600,1982,Puzzle,Atari,7.28,0.45,0.0,0.08,7.81,1980-05-22,"Wiz, Namco Networks America, Inc.",3.4,427.0,427.0,Arcade,5200.0,7.0,108.0,31.0
Super Mario Galaxy 2,Wii,2010,Platform,Nintendo,3.66,2.42,0.98,0.64,7.69,2010-05-23,"Nintendo EAD, Nintendo",4.3,1800.0,1800.0,"Adventure, Platform",13000.0,123.0,2500.0,1300.0
Super Mario Galaxy 2,Wii,2010,Platform,Nintendo,3.66,2.42,0.98,0.64,7.69,2010-05-23,"Nintendo EAD, Nintendo",4.3,1800.0,1800.0,"Adventure, Platform",13000.0,123.0,2500.0,1300.0
Super Mario Galaxy 2,Wii,2010,Platform,Nintendo,3.66,2.42,0.98,0.64,7.69,2010-05-23,"Nintendo EAD, Nintendo",4.3,1800.0,1800.0,"Adventure, Platform",13000.0,123.0,2500.0,1300.0
Call of Duty: Advanced Warfare,PS4,2014,Shooter,Activision,2.8,3.3,0.14,1.37,7.6,2014-11-03,"Activision, Sledgehammer Games",2.5,415.0,415.0,Shooter,5200.0,13.0,308.0,151.0
The Legend of Zelda: Ocarina of Time,N64,1998,Action,Nintendo,4.1,1.89,1.45,0.16,7.6,1998-11-21,"Nintendo, Nintendo EAD",4.3,2200.0,2200.0,"Adventure, RPG",17000.0,433.0,3000.0,1400.0
The Legend of Zelda: Ocarina of Time,N64,1998,Action,Nintendo,4.1,1.89,1.45,0.16,7.6,1998-11-21,"Nintendo, Nintendo EAD",4.3,2200.0,2200.0,"Adventure, RPG",17000.0,433.0,3000.0,1400.0
The Legend of Zelda: Ocarina of Time,N64,1998,Action,Nintendo,4.1,1.89,1.45,0.16,7.6,1998-11-21,"Nintendo, Nintendo EAD",4.3,2200.0,2200.0,"Adventure, RPG",17000.0,433.0,3000.0,1400.0
Super Mario Bros. 2,NES,1988,Platform,Nintendo,5.39,1.18,0.7,0.19,7.46,1988-10-09,"Nintendo, Nintendo EAD",3.1,864.0,864.0,"Adventure, Platform",8400.0,40.0,767.0,189.0
The Legend of Zelda: Twilight Princess,Wii,2006,Action,Nintendo,3.83,2.19,0.6,0.7,7.31,2006-11-19,"Nintendo, Nintendo EAD Software Development Group No.3",4.1,642.0,642.0,"Adventure, RPG",6000.0,82.0,1100.0,466.0
The Legend of Zelda: Twilight Princess,Wii,2006,Action,Nintendo,3.83,2.19,0.6,0.7,7.31,2006-11-19,"Nintendo, Nintendo EAD Software Development Group No.3",4.0,899.0,899.0,"Adventure, RPG",10000.0,228.0,2500.0,1300.0
The Legend of Zelda: Twilight Princess,Wii,2006,Action,Nintendo,3.83,2.19,0.6,0.7,7.31,2006-11-19,"Nintendo, Nintendo EAD Software Development Group No.3",4.1,642.0,642.0,"Adventure, RPG",6000.0,82.0,1100.0,466.0
Tekken 3,PS,1998,Fighting,Sony Computer Entertainment,3.27,2.22,1.4,0.29,7.16,1997-03-22,"Namco, Namco Hometek",3.9,564.0,564.0,Fighting,4200.0,13.0,253.0,183.0
Mario Kart 8,WiiU,2014,Racing,Nintendo,3.13,2.07,1.27,0.49,6.96,2014-05-29,"Nintendo, Nintendo EAD Group No. 1",3.9,643.0,643.0,"Arcade, Racing",9300.0,40.0,225.0,121.0
Fallout 4,PS4,2015,Role-Playing,Bethesda Softworks,2.47,3.15,0.24,1.1,6.96,2015-11-09,"Bethesda Game Studios, Bethesda Softworks",3.1,1000.0,1000.0,"RPG, Shooter",16000.0,407.0,2900.0,752.0
Fallout 4,PS4,2015,Role-Playing,Bethesda Softworks,2.47,3.15,0.24,1.1,6.96,2015-11-09,"Bethesda Game Studios, Bethesda Softworks",3.1,1000.0,1000.0,"RPG, Shooter",16000.0,407.0,2900.0,752.0
Mario Kart: Double Dash!!,GC,2003,Racing,Nintendo,4.12,1.77,0.87,0.19,6.95,2003-11-07,"Nintendo EAD, Nintendo",3.9,808.0,808.0,Racing,8400.0,31.0,449.0,265.0
FIFA 14,PS3,2013,Sports,Electronic Arts,0.78,4.32,0.07,1.73,6.9,2013-09-24,"EA Sports, EA Canada",3.2,92.0,92.0,Sport,2200.0,8.0,52.0,13.0
Uncharted 3: Drake's Deception,PS3,2011,Action,Sony Computer Entertainment,2.77,2.8,0.19,1.06,6.83,2011-11-01,"Naughty Dog, Sony Computer Entertainment, Inc. (SCEI)",3.6,941.0,941.0,"Adventure, Platform, Shooter",11000.0,60.0,1500.0,477.0
Uncharted 3: Drake's Deception,PS3,2011,Action,Sony Computer Entertainment,2.77,2.8,0.19,1.06,6.83,2011-11-01,"Naughty Dog, Sony Computer Entertainment, Inc. (SCEI)",3.6,941.0,941.0,"Adventure, Platform, Shooter",11000.0,60.0,1500.0,477.0
Crash Bandicoot,PS,1996,Platform,Sony Computer Entertainment,3.23,2.35,0.94,0.3,6.82,1996-09-09,"Sony Computer Entertainment, Naughty Dog",3.5,660.0,660.0,Platform,8700.0,58.0,702.0,288.0
Gears of War 2,X360,2008,Shooter,Microsoft Game Studios,4.15,1.92,0.06,0.64,6.76,2008-11-07,"Microsoft Game Studios, Epic Games",3.7,504.0,504.0,Shooter,4600.0,31.0,522.0,225.0
Uncharted 2: Among Thieves,PS3,2009,Action,Sony Computer Entertainment,3.27,2.25,0.21,1.0,6.73,2009-10-13,"Naughty Dog, Sony Computer Entertainment",3.9,1400.0,1400.0,"Adventure, Platform, Shooter",12000.0,96.0,1500.0,515.0
Red Dead Redemption,PS3,2010,Action,Take-Two Interactive,2.79,2.61,0.17,1.03,6.6,2010-05-18,"Rockstar Games, Rockstar North",4.2,1500.0,1500.0,"Adventure, RPG, Shooter",13000.0,218.0,2400.0,1600.0
Red Dead Redemption,PS3,2010,Action,Take-Two Interactive,2.79,2.61,0.17,1.03,6.6,2010-05-18,"Rockstar Games, Rockstar North",4.2,1500.0,1500.0,"Adventure, RPG, Shooter",13000.0,218.0,2400.0,1600.0
Red Dead Redemption,PS3,2010,Action,Take-Two Interactive,2.79,2.61,0.17,1.03,6.6,2010-05-18,"Rockstar Games, Rockstar North",4.2,1500.0,1500.0,"Adventure, RPG, Shooter",13000.0,218.0,2400.0,1600.0
Donkey Kong Country Returns,Wii,2010,Platform,Nintendo,3.25,1.84,1.03,0.47,6.59,2010-11-21,"Retro Studios, Nintendo",3.9,521.0,521.0,"Adventure, Platform",5300.0,67.0,1100.0,443.0
The Elder Scrolls V: Skyrim,PS3,2011,Role-Playing,Bethesda Softworks,2.55,2.71,0.25,1.05,6.56,2011-11-10,"Bethesda Game Studios, Bethesda Softworks",3.7,1700.0,1700.0,"Adventure, RPG",22000.0,589.0,3000.0,1000.0
The Elder Scrolls V: Skyrim,PS3,2011,Role-Playing,Bethesda Softworks,2.55,2.71,0.25,1.05,6.56,2011-11-10,"Bethesda Game Studios, Bethesda Softworks",3.7,1700.0,1700.0,"Adventure, RPG",22000.0,589.0,3000.0,1000.0
The Elder Scrolls V: Skyrim,PS3,2011,Role-Playing,Bethesda Softworks,2.55,2.71,0.25,1.05,6.56,2011-11-10,"Bethesda Game Studios, Bethesda Softworks",3.7,1700.0,1700.0,"Adventure, RPG",22000.0,589.0,3000.0,1000.0
The Legend of Zelda,NES,1986,Action,Nintendo,3.74,0.93,1.69,0.14,6.51,1986-02-21,"Nintendo EAD, Nintendo",3.2,1200.0,1200.0,Adventure,9300.0,132.0,1500.0,463.0
The Legend of Zelda,NES,1986,Action,Nintendo,3.74,0.93,1.69,0.14,6.51,1986-02-21,"Nintendo EAD, Nintendo",3.2,1200.0,1200.0,Adventure,9300.0,132.0,1500.0,463.0
Assassin's Creed III,PS3,2012,Action,Ubisoft,2.64,2.56,0.16,1.14,6.5,2012-10-30,"Ubisoft Entertainment, Ubisoft Montreal",3.0,707.0,707.0,"Adventure, Strategy",12000.0,72.0,1200.0,390.0
Kingdom Hearts,PS2,2002,Role-Playing,Sony Computer Entertainment,3.64,1.2,1.49,0.07,6.4,2002-03-28,"Square, Disney Interactive Studios",3.6,1300.0,1300.0,"Adventure, RPG",12000.0,266.0,2100.0,1000.0
Kingdom Hearts,PS2,2002,Role-Playing,Sony Computer Entertainment,3.64,1.2,1.49,0.07,6.4,2002-03-28,"Square, Disney Interactive Studios",3.6,1300.0,1300.0,"Adventure, RPG",12000.0,266.0,2100.0,1000.0
Kingdom Hearts,PS2,2002,Role-Playing,Sony Computer Entertainment,3.64,1.2,1.49,0.07,6.4,2002-03-28,"Square, Disney Interactive Studios",3.6,1300.0,1300.0,"Adventure, RPG",12000.0,266.0,2100.0,1000.0
Red Dead Redemption,X360,2010,Action,Take-Two Interactive,3.7,1.97,0.09,0.57,6.34,2010-05-18,"Rockstar Games, Rockstar North",4.2,1500.0,1500.0,"Adventure, RPG, Shooter",13000.0,218.0,2400.0,1600.0
Red Dead Redemption,X360,2010,Action,Take-Two Interactive,3.7,1.97,0.09,0.57,6.34,2010-05-18,"Rockstar Games, Rockstar North",4.2,1500.0,1500.0,"Adventure, RPG, Shooter",13000.0,218.0,2400.0,1600.0
Red Dead Redemption,X360,2010,Action,Take-Two Interactive,3.7,1.97,0.09,0.57,6.34,2010-05-18,"Rockstar Games, Rockstar North",4.2,1500.0,1500.0,"Adventure, RPG, Shooter",13000.0,218.0,2400.0,1600.0
Super Mario Sunshine,GC,2002,Platform,Nintendo,4.01,1.26,0.87,0.17,6.31,2002-07-19,"Nintendo EAD, Nintendo",3.7,1700.0,1700.0,"Adventure, Platform",14000.0,403.0,3300.0,1000.0
Super Mario Sunshine,GC,2002,Platform,Nintendo,4.01,1.26,0.87,0.17,6.31,2020-09-18,"Nintendo EAD, Nintendo",3.7,19.0,19.0,"Adventure, Platform",340.0,6.0,83.0,14.0
World of Warcraft,PC,2004,Role-Playing,Activision,0.07,6.21,0.0,0.0,6.28,2004-11-23,Blizzard Entertainment,3.5,369.0,369.0,"Adventure, RPG",4500.0,115.0,139.0,74.0
Gears of War,X360,2006,Shooter,Microsoft Game Studios,3.54,1.9,0.07,0.6,6.11,2006-11-07,"Microsoft Game Studios, Epic Games",3.5,522.0,522.0,Shooter,5300.0,37.0,545.0,307.0
Metal Gear Solid 2: Sons of Liberty,PS2,2001,Action,Konami Digital Entertainment,2.45,2.01,0.87,0.72,6.05,2001-11-13,"Konami Computer Entertainment Japan, Konami",4.4,1800.0,1800.0,Adventure,10000.0,161.0,2600.0,1400.0
Sonic the Hedgehog 2,GEN,1992,Platform,Sega,4.47,1.2,0.16,0.19,6.03,1992-11-21,"Sonic Team, Sega",3.7,1200.0,1200.0,"Adventure, Platform",10000.0,56.0,883.0,228.0
Sonic the Hedgehog 2,GEN,1992,Platform,Sega,4.47,1.2,0.16,0.19,6.03,1992-10-16,"Aspect Co. Ltd, Sega",2.8,157.0,157.0,"Adventure, Arcade, Platform",1400.0,6.0,173.0,45.0
Metal Gear Solid 4: Guns of the Patriots,PS3,2008,Action,Konami Digital Entertainment,2.63,1.74,0.83,0.83,6.03,2008-06-12,"Kojima Productions, Konami",3.9,1200.0,1200.0,"Adventure, Shooter, Tactical",7700.0,94.0,2500.0,1300.0
Metal Gear Solid,PS,1998,Action,Konami Digital Entertainment,3.18,1.83,0.78,0.24,6.03,1998-09-03,"Microsoft, Konami Computer Entertainment Japan",4.2,1900.0,1900.0,"Adventure, Tactical",12000.0,287.0,3000.0,1600.0
The Last of Us,PS3,2013,Action,Sony Computer Entertainment Europe,2.41,2.28,0.28,1.01,5.99,2013-06-14,"Naughty Dog, Sony Computer Entertainment",4.2,2000.0,2000.0,"Adventure, Shooter",17000.0,205.0,2000.0,1400.0
LittleBigPlanet,PS3,2008,Platform,Sony Computer Entertainment,2.8,2.05,0.17,0.9,5.92,2008-10-27,"Media Molecule, Sony Computer Entertainment",3.6,405.0,405.0,Platform,6000.0,21.0,403.0,219.0
Resident Evil 2,PS,1998,Action,Virgin Interactive,1.88,1.47,2.02,0.45,5.82,2019-01-25,"Capcom, Capcom Development Division 1",4.3,2500.0,2500.0,"Adventure, Shooter",15000.0,585.0,3600.0,1900.0
Resident Evil 2,PS,1998,Action,Virgin Interactive,1.88,1.47,2.02,0.45,5.82,2019-01-25,"Capcom, Capcom Development Division 1",4.3,2500.0,2500.0,"Adventure, Shooter",15000.0,585.0,3600.0,1900.0
Resident Evil 2,PS,1998,Action,Virgin Interactive,1.88,1.47,2.02,0.45,5.82,1998-01-21,"Capcom, Factor 5",4.2,1100.0,1100.0,"Adventure, Shooter",5500.0,54.0,1100.0,597.0
Resident Evil 2,PS,1998,Action,Virgin Interactive,1.88,1.47,2.02,0.45,5.82,2019-01-25,"Capcom, Capcom Development Division 1",4.3,2500.0,2500.0,"Adventure, Shooter",15000.0,585.0,3600.0,1900.0
Resident Evil 2,PS,1998,Action,Virgin Interactive,1.88,1.47,2.02,0.45,5.82,1998-01-21,"Capcom, Factor 5",4.2,1100.0,1100.0,"Adventure, Shooter",5500.0,54.0,1100.0,597.0
Tetris,NES,1988,Puzzle,Nintendo,2.97,0.69,1.81,0.11,5.58,1989-11-01,Nintendo,4.1,688.0,688.0,"Arcade, Puzzle",9600.0,54.0,175.0,66.0
Tetris,NES,1988,Puzzle,Nintendo,2.97,0.69,1.81,0.11,5.58,1989-11-01,Nintendo,4.1,688.0,688.0,"Arcade, Puzzle",9600.0,54.0,175.0,66.0
Tetris,NES,1988,Puzzle,Nintendo,2.97,0.69,1.81,0.11,5.58,1989-05-14,Nintendo,4.0,197.0,197.0,Puzzle,2500.0,18.0,76.0,21.0
Assassin's Creed II,PS3,2009,Action,Ubisoft,2.54,1.95,0.21,0.87,5.57,2009-11-17,"Ubisoft Montreal, Ubisoft Entertainment",3.8,1300.0,1300.0,"Adventure, Platform",16000.0,140.0,1500.0,521.0
Assassin's Creed II,PS3,2009,Action,Ubisoft,2.54,1.95,0.21,0.87,5.57,2009-11-17,"Ubisoft Montreal, Ubisoft Entertainment",3.8,1300.0,1300.0,"Adventure, Platform",16000.0,140.0,1500.0,521.0
Super Smash Bros.,N64,1999,Fighting,Nintendo,2.95,0.6,1.97,0.04,5.55,1999-01-21,"Nintendo, HAL Laboratory",3.4,688.0,688.0,"Fighting, Platform",9800.0,20.0,279.0,207.0
Super Smash Bros.,N64,1999,Fighting,Nintendo,2.95,0.6,1.97,0.04,5.55,1999-01-21,"Nintendo, HAL Laboratory",3.4,688.0,688.0,"Fighting, Platform",9800.0,20.0,279.0,207.0
Assassin's Creed,X360,2007,Adventure,Ubisoft,3.28,1.65,0.07,0.55,5.55,2007-11-13,"Ubisoft Montreal, Ubisoft Entertainment",2.9,801.0,801.0,"Adventure, Platform",13000.0,118.0,1200.0,496.0
Assassin's Creed,X360,2007,Adventure,Ubisoft,3.28,1.65,0.07,0.55,5.55,2007-11-13,"Ubisoft Montreal, Ubisoft Entertainment",2.9,801.0,801.0,"Adventure, Platform",13000.0,118.0,1200.0,496.0
Assassin's Creed,X360,2007,Adventure,Ubisoft,3.28,1.65,0.07,0.55,5.55,2007-11-13,"Ubisoft Montreal, Ubisoft Entertainment",2.9,801.0,801.0,"Adventure, Platform",13000.0,118.0,1200.0,496.0
Batman: Arkham City,PS3,2011,Action,Warner Bros. Interactive Entertainment,2.7,1.91,0.11,0.8,5.53,2011-10-18,"DC Entertainment, Rocksteady Studios",4.1,1600.0,1600.0,"Adventure, Brawler",16000.0,192.0,2700.0,651.0
Batman: Arkham City,PS3,2011,Action,Warner Bros. Interactive Entertainment,2.7,1.91,0.11,0.8,5.53,2011-10-18,"DC Entertainment, Rocksteady Studios",4.1,1600.0,1600.0,"Adventure, Brawler",16000.0,192.0,2700.0,651.0
Batman: Arkham City,PS3,2011,Action,Warner Bros. Interactive Entertainment,2.7,1.91,0.11,0.8,5.53,2011-10-18,"DC Entertainment, Rocksteady Studios",4.1,1600.0,1600.0,"Adventure, Brawler",16000.0,192.0,2700.0,651.0
Mario Kart: Super Circuit,GBA,2001,Racing,Nintendo,2.62,1.64,0.99,0.23,5.47,2001-07-21,Nintendo,2.8,389.0,389.0,Racing,3700.0,24.0,256.0,101.0
Super Mario World,GBA,2001,Platform,Nintendo,3.21,1.11,0.95,0.2,5.46,1990-11-21,"Nintendo, Nintendo EAD",4.2,2100.0,2100.0,"Adventure, Platform",18000.0,218.0,1700.0,460.0
Minecraft,PS3,2014,Misc,Sony Computer Entertainment,1.97,2.51,0.0,0.94,5.42,2011-11-18,Mojang Studios,4.3,2300.0,2300.0,"Adventure, Simulator",33000.0,1800.0,1100.0,230.0
Minecraft,PS3,2014,Misc,Sony Computer Entertainment,1.97,2.51,0.0,0.94,5.42,2011-11-18,Mojang Studios,4.3,2300.0,2300.0,"Adventure, Simulator",33000.0,1800.0,1100.0,230.0
Minecraft,PS3,2014,Misc,Sony Computer Entertainment,1.97,2.51,0.0,0.94,5.42,2011-11-18,Mojang Studios,4.3,2300.0,2300.0,"Adventure, Simulator",33000.0,1800.0,1100.0,230.0
Minecraft,PS3,2014,Misc,Sony Computer Entertainment,1.97,2.51,0.0,0.94,5.42,2017-09-20,Mojang Studios,4.2,571.0,571.0,"Adventure, Simulator",11000.0,509.0,412.0,85.0
Assassin's Creed III,X360,2012,Action,Ubisoft,3.13,1.71,0.03,0.44,5.3,2012-10-30,"Ubisoft Entertainment, Ubisoft Montreal",3.0,707.0,707.0,"Adventure, Strategy",12000.0,72.0,1200.0,390.0
Final Fantasy IX,PS,2000,Role-Playing,SquareSoft,1.62,0.77,2.78,0.14,5.3,2000-07-07,"Square, Square Electronic Arts",4.3,1600.0,1600.0,"RPG, Turn Based Strategy",6800.0,350.0,3600.0,1200.0
Assassin's Creed II,X360,2009,Action,Ubisoft,3.1,1.56,0.08,0.51,5.27,2009-11-17,"Ubisoft Montreal, Ubisoft Entertainment",3.8,1300.0,1300.0,"Adventure, Platform",16000.0,140.0,1500.0,521.0
Assassin's Creed II,X360,2009,Action,Ubisoft,3.1,1.56,0.08,0.51,5.27,2009-11-17,"Ubisoft Montreal, Ubisoft Entertainment",3.8,1300.0,1300.0,"Adventure, Platform",16000.0,140.0,1500.0,521.0
Professor Layton and the Curious Village,DS,2007,Puzzle,Nintendo,1.22,2.48,1.03,0.52,5.26,2007-02-15,"Nintendo, Level-5",3.7,439.0,439.0,"Point-and-Click, Puzzle, Visual Novel",4200.0,128.0,879.0,407.0
Super Mario Bros. 3,GBA,2003,Platform,Nintendo,2.93,1.25,0.83,0.2,5.2,1988-10-23,"Nintendo R&D4, Nintendo",4.0,1600.0,1600.0,Platform,14000.0,109.0,1400.0,362.0
Super Mario Bros. 3,GBA,2003,Platform,Nintendo,2.93,1.25,0.83,0.2,5.2,1988-10-23,"Nintendo R&D4, Nintendo",4.0,1600.0,1600.0,Platform,14000.0,109.0,1400.0,362.0
Super Mario Bros. 3,GBA,2003,Platform,Nintendo,2.93,1.25,0.83,0.2,5.2,1988-10-23,"Nintendo R&D4, Nintendo",4.0,1600.0,1600.0,Platform,14000.0,109.0,1400.0,362.0
Donkey Kong Country 2: Diddy's Kong Quest,SNES,1995,Platform,Nintendo,2.1,0.74,2.2,0.11,5.15,1995-11-21,"Nintendo, Rare",4.2,1200.0,1200.0,"Adventure, Platform",6600.0,115.0,1600.0,455.0
Donkey Kong Country 2: Diddy's Kong Quest,SNES,1995,Platform,Nintendo,2.1,0.74,2.2,0.11,5.15,1995-11-21,"Nintendo, Rare",4.2,1200.0,1200.0,"Adventure, Platform",6600.0,115.0,1600.0,455.0
Tomodachi Life,3DS,2013,Simulation,Nintendo,0.96,2.02,1.89,0.28,5.15,2013-04-18,"Nintendo SPD Group No. 1, Nintendo",3.7,281.0,281.0,"Adventure, Simulator",3400.0,59.0,180.0,133.0
Kirby's Dream Land,GB,1992,Platform,Nintendo,2.71,0.61,1.7,0.11,5.13,1992-04-27,"HAL Laboratory, Nintendo",3.2,691.0,691.0,Platform,5300.0,22.0,411.0,178.0
Call of Duty: Advanced Warfare,XOne,2014,Shooter,Activision,3.21,1.53,0.01,0.38,5.13,2014-11-03,"Activision, Sledgehammer Games",2.5,415.0,415.0,Shooter,5200.0,13.0,308.0,151.0
Resident Evil 5,PS3,2009,Action,Capcom,1.96,1.43,1.08,0.65,5.11,2009-03-05,Capcom,3.1,1000.0,1000.0,"Adventure, Shooter",10000.0,176.0,1600.0,561.0
Grand Theft Auto V,XOne,2014,Action,Take-Two Interactive,2.66,2.01,0.0,0.41,5.08,2013-09-17,"Rockstar North, Rockstar Games",3.8,2100.0,2100.0,"Adventure, Shooter",30000.0,829.0,3200.0,664.0
Grand Theft Auto V,XOne,2014,Action,Take-Two Interactive,2.66,2.01,0.0,0.41,5.08,2013-09-17,"Rockstar North, Rockstar Games",3.8,2100.0,2100.0,"Adventure, Shooter",30000.0,829.0,3200.0,664.0
Grand Theft Auto V,XOne,2014,Action,Take-Two Interactive,2.66,2.01,0.0,0.41,5.08,2013-09-17,"Rockstar North, Rockstar Games",3.8,2100.0,2100.0,"Adventure, Shooter",30000.0,829.0,3200.0,664.0
Super Mario Bros.,GB,1999,Platform,Nintendo,3.4,1.3,0.15,0.22,5.07,1985-09-13,"Nintendo, Nintendo R&D4",3.5,1500.0,1500.0,"Adventure, Platform",18000.0,59.0,733.0,237.0
Resident Evil,PS,1996,Action,Virgin Interactive,2.05,1.16,1.11,0.73,5.05,2002-03-22,"Capcom, Capcom Production Studio 4",4.3,1000.0,1000.0,"Adventure, Puzzle",4000.0,93.0,1100.0,470.0
Resident Evil,PS,1996,Action,Virgin Interactive,2.05,1.16,1.11,0.73,5.05,1996-03-22,"Capcom, Capcom Planning Room 2",3.7,688.0,688.0,"Adventure, Puzzle",3400.0,41.0,577.0,323.0
Guitar Hero III: Legends of Rock,PS2,2007,Misc,Activision,3.49,0.01,0.01,1.48,4.98,2007-10-28,"Neversoft Entertainment, Activision",3.9,489.0,489.0,"Music, Simulator",6900.0,21.0,174.0,78.0
Fallout 3,X360,2008,Role-Playing,Bethesda Softworks,3.39,1.03,0.09,0.44,4.96,2008-10-28,"ZeniMax Media, Bethesda Game Studios",3.4,894.0,894.0,"RPG, Shooter",12000.0,162.0,2000.0,589.0
Uncharted: Drake's Fortune,PS3,2007,Action,Sony Computer Entertainment,2.31,1.73,0.12,0.78,4.94,2007-11-16,"Naughty Dog, Sony Computer Entertainment, Inc. (SCEI)",3.1,882.0,882.0,"Adventure, Platform, Shooter",12000.0,98.0,1200.0,460.0
Assassin's Creed,PS3,2007,Adventure,Ubisoft,1.91,2.0,0.09,0.83,4.83,2007-11-13,"Ubisoft Montreal, Ubisoft Entertainment",2.9,801.0,801.0,"Adventure, Platform",13000.0,118.0,1200.0,496.0
Assassin's Creed,PS3,2007,Adventure,Ubisoft,1.91,2.0,0.09,0.83,4.83,2007-11-13,"Ubisoft Montreal, Ubisoft Entertainment",2.9,801.0,801.0,"Adventure, Platform",13000.0,118.0,1200.0,496.0
Assassin's Creed,PS3,2007,Adventure,Ubisoft,1.91,2.0,0.09,0.83,4.83,2007-11-13,"Ubisoft Montreal, Ubisoft Entertainment",2.9,801.0,801.0,"Adventure, Platform",13000.0,118.0,1200.0,496.0
Crash Team Racing,PS,1999,Racing,Sony Computer Entertainment,2.57,1.57,0.44,0.21,4.79,1999-09-30,"Naughty Dog, Sony Computer Entertainment, Inc. (SCEI)",4.0,455.0,455.0,Racing,4800.0,18.0,327.0,165.0
Batman: Arkham City,X360,2011,Action,Warner Bros. Interactive Entertainment,2.99,1.31,0.04,0.41,4.76,2011-10-18,"DC Entertainment, Rocksteady Studios",4.1,1600.0,1600.0,"Adventure, Brawler",16000.0,192.0,2700.0,651.0
Batman: Arkham City,X360,2011,Action,Warner Bros. Interactive Entertainment,2.99,1.31,0.04,0.41,4.76,2011-10-18,"DC Entertainment, Rocksteady Studios",4.1,1600.0,1600.0,"Adventure, Brawler",16000.0,192.0,2700.0,651.0
Batman: Arkham City,X360,2011,Action,Warner Bros. Interactive Entertainment,2.99,1.31,0.04,0.41,4.76,2011-10-18,"DC Entertainment, Rocksteady Studios",4.1,1600.0,1600.0,"Adventure, Brawler",16000.0,192.0,2700.0,651.0
Animal Crossing: City Folk,Wii,2008,Simulation,Nintendo,1.87,1.12,1.32,0.37,4.68,2008-11-16,"Nintendo, Nintendo EAD Group No. 2",3.4,232.0,232.0,Simulator,3100.0,17.0,215.0,129.0
The Lord of the Rings: The Two Towers,PS2,2002,Action,Electronic Arts,1.94,1.95,0.08,0.7,4.67,2002-10-21,"Electronic Arts, Hypnos Entertainment",3.3,100.0,100.0,"Adventure, Brawler",1600.0,8.0,172.0,72.0
Tomb Raider,PS,1996,Action,Eidos Interactive,2.29,1.97,0.13,0.24,4.63,2013-03-04,"Square Enix, Crystal Dynamics",3.5,896.0,896.0,"Adventure, Platform, Puzzle, Shooter",15000.0,175.0,2700.0,508.0
Tomb Raider,PS,1996,Action,Eidos Interactive,2.29,1.97,0.13,0.24,4.63,2013-03-04,"Square Enix, Crystal Dynamics",3.5,896.0,896.0,"Adventure, Platform, Puzzle, Shooter",15000.0,175.0,2700.0,508.0
Tomb Raider,PS,1996,Action,Eidos Interactive,2.29,1.97,0.13,0.24,4.63,2013-03-04,"Square Enix, Crystal Dynamics",3.5,896.0,896.0,"Adventure, Platform, Puzzle, Shooter",15000.0,175.0,2700.0,508.0
Tomb Raider,PS,1996,Action,Eidos Interactive,2.29,1.97,0.13,0.24,4.63,1996-10-25,"Eidos Interactive, Core Design",3.3,395.0,395.0,"Adventure, Platform, Puzzle, Shooter",2700.0,45.0,773.0,263.0
Guitar Hero III: Legends of Rock,Wii,2007,Misc,Activision,3.06,1.12,0.0,0.44,4.62,2007-10-28,"Neversoft Entertainment, Activision",3.9,489.0,489.0,"Music, Simulator",6900.0,21.0,174.0,78.0
The Legend of Zelda: A Link to the Past,SNES,1991,Action,Nintendo,2.42,0.91,1.15,0.13,4.61,1991-11-21,"Nintendo EAD, St. GIGA",4.1,1700.0,1700.0,"Adventure, Puzzle, RPG",13000.0,360.0,3200.0,911.0
The Legend of Zelda: A Link to the Past,SNES,1991,Action,Nintendo,2.42,0.91,1.15,0.13,4.61,1991-11-21,"Nintendo EAD, St. GIGA",4.1,1700.0,1700.0,"Adventure, Puzzle, RPG",13000.0,360.0,3200.0,911.0
Luigi's Mansion: Dark Moon,3DS,2013,Action,Nintendo,1.78,1.39,1.1,0.3,4.58,2013-03-20,"Nintendo, Next Level Games",3.3,377.0,377.0,Adventure,4300.0,68.0,1100.0,418.0
Splatoon,WiiU,2015,Shooter,Nintendo,1.55,1.15,1.44,0.43,4.57,2015-05-28,"Nintendo EAD Group No. 2, Nintendo",3.7,509.0,509.0,"Platform, Shooter",6100.0,28.0,320.0,227.0
The Last of Us,PS4,2014,Action,Sony Computer Entertainment,1.78,1.87,0.07,0.82,4.55,2013-06-14,"Naughty Dog, Sony Computer Entertainment",4.2,2000.0,2000.0,"Adventure, Shooter",17000.0,205.0,2000.0,1400.0
Guitar Hero III: Legends of Rock,X360,2007,Misc,Activision,3.19,0.92,0.01,0.42,4.53,2007-10-28,"Neversoft Entertainment, Activision",3.9,489.0,489.0,"Music, Simulator",6900.0,21.0,174.0,78.0
Uncharted: The Nathan Drake Collection,PS4,2015,Action,Sony Computer Entertainment,1.96,1.69,0.08,0.74,4.47,2015-10-07,"Naughty Dog, Sony Computer Entertainment, Inc. (SCEI)",4.1,363.0,363.0,"Adventure, Platform, Shooter",4300.0,137.0,1300.0,319.0
Call of Duty: Advanced Warfare,PS3,2014,Shooter,Activision,1.54,1.94,0.19,0.77,4.45,2014-11-03,"Activision, Sledgehammer Games",2.5,415.0,415.0,Shooter,5200.0,13.0,308.0,151.0
God of War,PS2,2005,Action,Sony Computer Entertainment,2.71,1.29,0.02,0.43,4.45,2018-04-20,"Sony Interactive Entertainment, SIE Santa Monica Studio",4.2,2900.0,2900.0,"Adventure, Brawler, RPG",21000.0,1100.0,4800.0,2600.0
God of War,PS2,2005,Action,Sony Computer Entertainment,2.71,1.29,0.02,0.43,4.45,2005-03-22,"SCE Santa Monica Studio, Sony Computer Entertainment",3.6,981.0,981.0,"Adventure, Brawler, Strategy",11000.0,158.0,1500.0,896.0
God of War,PS2,2005,Action,Sony Computer Entertainment,2.71,1.29,0.02,0.43,4.45,2018-04-20,"Sony Interactive Entertainment, SIE Santa Monica Studio",4.2,2900.0,2900.0,"Adventure, Brawler, RPG",21000.0,1100.0,4800.0,2600.0
God of War,PS2,2005,Action,Sony Computer Entertainment,2.71,1.29,0.02,0.43,4.45,2018-04-20,"Sony Interactive Entertainment, SIE Santa Monica Studio",4.2,2900.0,2900.0,"Adventure, Brawler, RPG",21000.0,1100.0,4800.0,2600.0
The Elder Scrolls IV: Oblivion,X360,2006,Role-Playing,Take-Two Interactive,2.82,1.05,0.13,0.4,4.39,2006-03-20,"Bethesda Game Studios, 2K Games",3.7,725.0,725.0,"Adventure, RPG",8100.0,183.0,1900.0,563.0
Zelda II: The Adventure of Link,NES,1987,Adventure,Nintendo,2.19,0.5,1.61,0.08,4.38,1987-01-14,"Nintendo, Nintendo EAD",2.6,756.0,756.0,"Adventure, RPG",4500.0,55.0,1100.0,290.0
Resistance: Fall of Man,PS3,2006,Shooter,Sony Computer Entertainment,1.73,1.73,0.14,0.75,4.35,2006-11-11,"Insomniac Games, Sony Computer Entertainment, Inc. (SCEI)",3.0,194.0,194.0,"Adventure, Shooter",1300.0,16.0,280.0,119.0
Sonic the Hedgehog,GEN,1991,Platform,Sega,3.03,0.91,0.26,0.13,4.34,1991-06-23,"Sonic Team, Sega",3.1,1100.0,1100.0,Platform,12000.0,60.0,804.0,243.0
Sonic the Hedgehog,GEN,1991,Platform,Sega,3.03,0.91,0.26,0.13,4.34,1991-06-23,"Sonic Team, Sega",3.1,1100.0,1100.0,Platform,12000.0,60.0,804.0,243.0
Sonic the Hedgehog,GEN,1991,Platform,Sega,3.03,0.91,0.26,0.13,4.34,1991-06-23,"Sonic Team, Sega",3.1,1100.0,1100.0,Platform,12000.0,60.0,804.0,243.0
Kingdom Hearts II,PS2,2005,Role-Playing,Square Enix,2.2,0.58,1.38,0.17,4.33,2005-12-22,"Buena Vista Games, Square Enix",4.3,1200.0,1200.0,"Adventure, RPG",9600.0,137.0,1600.0,652.0
FIFA 14,X360,2013,Sports,Electronic Arts,0.92,2.93,0.01,0.46,4.31,2013-09-24,"EA Sports, EA Canada",3.2,92.0,92.0,Sport,2200.0,8.0,52.0,13.0
Call of Duty: Advanced Warfare,X360,2014,Shooter,Activision,2.75,1.18,0.0,0.37,4.31,2014-11-03,"Activision, Sledgehammer Games",2.5,415.0,415.0,Shooter,5200.0,13.0,308.0,151.0
Fable II,X360,2008,Role-Playing,Microsoft Game Studios,2.51,1.27,0.11,0.41,4.31,2008-10-21,"Lionhead Studios, Microsoft Game Studios",3.6,310.0,310.0,"Adventure, RPG",3200.0,22.0,580.0,271.0
Halo 5: Guardians,XOne,2015,Shooter,Microsoft Game Studios,2.64,1.2,0.03,0.39,4.26,2015-10-27,"343 Industries, Microsoft Studios",2.5,500.0,500.0,Shooter,3500.0,31.0,602.0,257.0
Super Mario 3D World,WiiU,2013,Platform,Nintendo,2.11,1.11,0.72,0.3,4.25,2013-11-21,Nintendo,3.9,1100.0,1100.0,"Adventure, Platform",9600.0,93.0,787.0,432.0
Super Mario 3D World,WiiU,2013,Platform,Nintendo,2.11,1.11,0.72,0.3,4.25,2013-11-21,Nintendo,3.9,1100.0,1100.0,"Adventure, Platform",9600.0,93.0,787.0,432.0
Batman: Arkham Asylum,PS3,2009,Action,Eidos Interactive,2.23,1.34,0.07,0.61,4.25,2009-08-25,"Eidos Interactive, Rocksteady Studios",3.9,1400.0,1400.0,"Adventure, Brawler",17000.0,232.0,2300.0,672.0
Metal Gear Solid 3: Snake Eater,PS2,2004,Action,Konami Digital Entertainment,1.46,0.0,0.83,1.93,4.23,2004-11-17,"Konami Computer Entertainment Japan, Konami",4.5,1500.0,1500.0,"Adventure, Shooter, Tactical",9200.0,118.0,2400.0,1300.0
Metal Gear Solid 3: Snake Eater,PS2,2004,Action,Konami Digital Entertainment,1.46,0.0,0.83,1.93,4.23,2004-11-17,"Konami Computer Entertainment Japan, Konami",4.5,1500.0,1500.0,"Adventure, Shooter, Tactical",9200.0,118.0,2400.0,1300.0
Metal Gear Solid 3: Snake Eater,PS2,2004,Action,Konami Digital Entertainment,1.46,0.0,0.83,1.93,4.23,2004-11-17,"Konami Computer Entertainment Japan, Konami",4.5,1500.0,1500.0,"Adventure, Shooter, Tactical",9200.0,118.0,2400.0,1300.0
The Legend of Zelda: Ocarina of Time,3DS,2011,Action,Nintendo,2.03,1.27,0.62,0.3,4.21,1998-11-21,"Nintendo, Nintendo EAD",4.3,2200.0,2200.0,"Adventure, RPG",17000.0,433.0,3000.0,1400.0
The Legend of Zelda: Ocarina of Time,3DS,2011,Action,Nintendo,2.03,1.27,0.62,0.3,4.21,1998-11-21,"Nintendo, Nintendo EAD",4.3,2200.0,2200.0,"Adventure, RPG",17000.0,433.0,3000.0,1400.0
The Legend of Zelda: Ocarina of Time,3DS,2011,Action,Nintendo,2.03,1.27,0.62,0.3,4.21,1998-11-21,"Nintendo, Nintendo EAD",4.3,2200.0,2200.0,"Adventure, RPG",17000.0,433.0,3000.0,1400.0
Uncharted 4: A Thief's End,PS4,2016,Shooter,Sony Computer Entertainment,1.3,2.07,0.18,0.65,4.2,2016-05-10,"Naughty Dog, Sony Interactive Entertainment",4.1,1800.0,1800.0,"Adventure, Shooter",14000.0,177.0,2700.0,1200.0
Uncharted 4: A Thief's End,PS4,2016,Shooter,Sony Computer Entertainment,1.3,2.07,0.18,0.65,4.2,2016-05-10,"Naughty Dog, Sony Interactive Entertainment",4.1,1800.0,1800.0,"Adventure, Shooter",14000.0,177.0,2700.0,1200.0
Half-Life,PC,1997,Shooter,Vivendi Games,4.03,0.0,0.09,0.0,4.12,1998-11-19,"Sierra Entertainment, Valve",4.0,1300.0,1300.0,"Adventure, Puzzle, Shooter",13000.0,322.0,2900.0,892.0
Super Mario World 2: Yoshi's Island,SNES,1995,Platform,Nintendo,1.65,0.61,1.76,0.09,4.12,1995-08-05,"Nintendo EAD, Nintendo",4.1,1100.0,1100.0,Platform,7100.0,141.0,1500.0,360.0
Street Fighter II Turbo,SNES,1992,Fighting,Capcom,1.42,0.51,2.1,0.07,4.1,1993-07-11,Capcom,3.7,174.0,174.0,Fighting,1600.0,5.0,89.0,50.0
Fallout 4,XOne,2015,Role-Playing,Bethesda Softworks,2.45,1.26,0.01,0.37,4.09,2015-11-09,"Bethesda Game Studios, Bethesda Softworks",3.1,1000.0,1000.0,"RPG, Shooter",16000.0,407.0,2900.0,752.0
Fallout 4,XOne,2015,Role-Playing,Bethesda Softworks,2.45,1.26,0.01,0.37,4.09,2015-11-09,"Bethesda Game Studios, Bethesda Softworks",3.1,1000.0,1000.0,"RPG, Shooter",16000.0,407.0,2900.0,752.0
Fallout: New Vegas,X360,2010,Role-Playing,Bethesda Softworks,2.65,1.06,0.04,0.33,4.08,2010-10-19,"Obsidian Entertainment, Bandai Namco Entertainment",4.3,2000.0,2000.0,"RPG, Shooter",16000.0,756.0,5000.0,1400.0
Fallout: New Vegas,X360,2010,Role-Playing,Bethesda Softworks,2.65,1.06,0.04,0.33,4.08,2010-10-19,"Obsidian Entertainment, Bandai Namco Entertainment",4.3,2000.0,2000.0,"RPG, Shooter",16000.0,756.0,5000.0,1400.0
Fallout: New Vegas,X360,2010,Role-Playing,Bethesda Softworks,2.65,1.06,0.04,0.33,4.08,2010-10-19,"Obsidian Entertainment, Bandai Namco Entertainment",4.3,2000.0,2000.0,"RPG, Shooter",16000.0,756.0,5000.0,1400.0
God of War II,PS2,2007,Action,Sony Computer Entertainment,2.32,0.04,0.04,1.67,4.07,2007-03-13,"Sony Computer Entertainment, Inc. (SCEI), SIE Santa Monica Studio",4.0,936.0,936.0,"Adventure, Brawler, Platform",9300.0,89.0,1300.0,687.0
God of War II,PS2,2007,Action,Sony Computer Entertainment,2.32,0.04,0.04,1.67,4.07,2007-03-13,"Sony Computer Entertainment, Inc. (SCEI), SIE Santa Monica Studio",4.0,936.0,936.0,"Adventure, Brawler, Platform",9300.0,89.0,1300.0,687.0
Far Cry 4,PS4,2014,Shooter,Ubisoft,1.12,2.12,0.1,0.69,4.03,2014-11-18,Ubisoft Montreal,3.2,558.0,558.0,"Adventure, Shooter, Tactical",8500.0,90.0,1300.0,442.0
Far Cry 4,PS4,2014,Shooter,Ubisoft,1.12,2.12,0.1,0.69,4.03,2014-11-18,Ubisoft Montreal,3.2,558.0,558.0,"Adventure, Shooter, Tactical",8500.0,90.0,1300.0,442.0
Minecraft,PS4,2014,Misc,Sony Computer Entertainment Europe,1.38,1.87,0.12,0.65,4.02,2011-11-18,Mojang Studios,4.3,2300.0,2300.0,"Adventure, Simulator",33000.0,1800.0,1100.0,230.0
Minecraft,PS4,2014,Misc,Sony Computer Entertainment Europe,1.38,1.87,0.12,0.65,4.02,2011-11-18,Mojang Studios,4.3,2300.0,2300.0,"Adventure, Simulator",33000.0,1800.0,1100.0,230.0
Minecraft,PS4,2014,Misc,Sony Computer Entertainment Europe,1.38,1.87,0.12,0.65,4.02,2011-11-18,Mojang Studios,4.3,2300.0,2300.0,"Adventure, Simulator",33000.0,1800.0,1100.0,230.0
Minecraft,PS4,2014,Misc,Sony Computer Entertainment Europe,1.38,1.87,0.12,0.65,4.02,2017-09-20,Mojang Studios,4.2,571.0,571.0,"Adventure, Simulator",11000.0,509.0,412.0,85.0
Fallout 3,PS3,2008,Role-Playing,Bethesda Softworks,2.15,1.2,0.07,0.59,4.01,2008-10-28,"ZeniMax Media, Bethesda Game Studios",3.4,894.0,894.0,"RPG, Shooter",12000.0,162.0,2000.0,589.0
Left 4 Dead 2,X360,2009,Shooter,Electronic Arts,2.67,0.89,0.05,0.37,3.99,2009-11-17,"Turtle Rock Studios, Valve",3.9,1100.0,1100.0,Shooter,19000.0,279.0,1500.0,358.0
Left 4 Dead 2,X360,2009,Shooter,Electronic Arts,2.67,0.89,0.05,0.37,3.99,2009-11-17,"Turtle Rock Studios, Valve",3.9,1100.0,1100.0,Shooter,19000.0,279.0,1500.0,358.0
Monster Hunter 4 Ultimate,3DS,2014,Role-Playing,Nintendo,0.67,0.49,2.62,0.11,3.89,2014-10-11,Capcom,4.2,260.0,260.0,"Adventure, RPG",2000.0,66.0,418.0,159.0
The Elder Scrolls V: Skyrim,PC,2011,Role-Playing,Bethesda Softworks,1.15,2.09,0.0,0.64,3.88,2011-11-10,"Bethesda Game Studios, Bethesda Softworks",3.7,1700.0,1700.0,"Adventure, RPG",22000.0,589.0,3000.0,1000.0
The Elder Scrolls V: Skyrim,PC,2011,Role-Playing,Bethesda Softworks,1.15,2.09,0.0,0.64,3.88,2011-11-10,"Bethesda Game Studios, Bethesda Softworks",3.7,1700.0,1700.0,"Adventure, RPG",22000.0,589.0,3000.0,1000.0
The Elder Scrolls V: Skyrim,PC,2011,Role-Playing,Bethesda Softworks,1.15,2.09,0.0,0.64,3.88,2011-11-10,"Bethesda Game Studios, Bethesda Softworks",3.7,1700.0,1700.0,"Adventure, RPG",22000.0,589.0,3000.0,1000.0
The Legend of Zelda: Link's Awakening,GB,1992,Action,Nintendo,2.21,0.96,0.54,0.13,3.83,2019-09-20,"Nintendo, Grezzo",3.9,1100.0,1100.0,Adventure,7600.0,387.0,2800.0,2000.0
The Legend of Zelda: Link's Awakening,GB,1992,Action,Nintendo,2.21,0.96,0.54,0.13,3.83,2019-09-20,"Nintendo, Grezzo",3.9,1100.0,1100.0,Adventure,7600.0,387.0,2800.0,2000.0
The Legend of Zelda: Link's Awakening,GB,1992,Action,Nintendo,2.21,0.96,0.54,0.13,3.83,2019-09-20,"Nintendo, Grezzo",3.9,1100.0,1100.0,Adventure,7600.0,387.0,2800.0,2000.0
Mario & Luigi: Bowser's Inside Story,DS,2009,Role-Playing,Nintendo,2.26,0.48,0.81,0.27,3.83,2009-09-14,"Nintendo, AlphaDream",4.2,837.0,837.0,"Platform, RPG",6600.0,95.0,1500.0,629.0
Batman: Arkham Knight,PS4,2015,Action,Warner Bros. Interactive Entertainment,1.49,1.58,0.1,0.61,3.79,2015-06-23,"Rocksteady Studios, Warner Bros. Interactive Entertainment",3.7,1200.0,1200.0,"Adventure, Brawler",13000.0,279.0,3400.0,757.0
Batman: Arkham Knight,PS4,2015,Action,Warner Bros. Interactive Entertainment,1.49,1.58,0.1,0.61,3.79,2015-06-23,"Rocksteady Studios, Warner Bros. Interactive Entertainment",3.7,1200.0,1200.0,"Adventure, Brawler",13000.0,279.0,3400.0,757.0
Batman: Arkham Knight,PS4,2015,Action,Warner Bros. Interactive Entertainment,1.49,1.58,0.1,0.61,3.79,2015-06-23,"Rocksteady Studios, Warner Bros. Interactive Entertainment",3.7,1200.0,1200.0,"Adventure, Brawler",13000.0,279.0,3400.0,757.0
Ratchet & Clank: Size Matters,PSP,2007,Platform,Sony Computer Entertainment,1.4,1.4,0.1,0.87,3.77,2007-02-13,"Sony Computer Entertainment, Inc. (SCEI), High Impact Games",2.8,172.0,172.0,"Adventure, Platform, Shooter",1500.0,10.0,287.0,115.0
Super Paper Mario,Wii,2007,Platform,Nintendo,1.98,0.88,0.59,0.32,3.76,2007-04-09,"Nintendo, Intelligent Systems",3.8,688.0,688.0,"Adventure, Platform, RPG",6200.0,76.0,1500.0,572.0
The Witcher 3: Wild Hunt,PS4,2015,Role-Playing,Namco Bandai Games,0.96,2.0,0.21,0.56,3.73,2015-05-19,"WB Games, CD Projekt RED",4.3,2000.0,2000.0,"Adventure, RPG",17000.0,1200.0,6100.0,1600.0
The Witcher 3: Wild Hunt,PS4,2015,Role-Playing,Namco Bandai Games,0.96,2.0,0.21,0.56,3.73,2015-05-19,"WB Games, CD Projekt RED",4.3,2000.0,2000.0,"Adventure, RPG",17000.0,1200.0,6100.0,1600.0
The Witcher 3: Wild Hunt,PS4,2015,Role-Playing,Namco Bandai Games,0.96,2.0,0.21,0.56,3.73,2015-05-19,"WB Games, CD Projekt RED",4.3,2000.0,2000.0,"Adventure, RPG",17000.0,1200.0,6100.0,1600.0
Resident Evil 3: Nemesis,PS,1999,Action,Eidos Interactive,1.3,0.77,1.54,0.11,3.72,1999-09-22,"Capcom, Capcom Planning Room 2",3.8,849.0,849.0,"Adventure, Shooter",4300.0,56.0,953.0,496.0
Battlefield 4,PS3,2013,Shooter,Electronic Arts,1.3,1.51,0.27,0.61,3.69,2013-10-29,"EA Digital Illusions CE, Electronic Arts",3.5,431.0,431.0,Shooter,7100.0,72.0,506.0,124.0
Banjo-Kazooie,N64,1998,Platform,Nintendo,1.87,1.13,0.55,0.1,3.65,1998-06-29,"Microsoft Game Studios, Rare",4.0,1200.0,1200.0,"Adventure, Platform",7400.0,205.0,2100.0,765.0
Banjo-Kazooie,N64,1998,Platform,Nintendo,1.87,1.13,0.55,0.1,3.65,1998-06-29,"Microsoft Game Studios, Rare",4.0,1200.0,1200.0,"Adventure, Platform",7400.0,205.0,2100.0,765.0
Call of Duty: Ghosts,PS4,2013,Shooter,Activision,1.78,1.42,0.05,0.38,3.63,2013-11-05,"Neversoft Entertainment, Activision",2.4,411.0,411.0,Shooter,6500.0,9.0,353.0,150.0
Resident Evil 4,PS2,2005,Action,Capcom,2.08,0.83,0.46,0.25,3.62,2005-01-11,"Capcom, Capcom Production Studio 4",4.3,2300.0,2300.0,Shooter,14000.0,360.0,3000.0,1200.0
Resident Evil 4,PS2,2005,Action,Capcom,2.08,0.83,0.46,0.25,3.62,2005-01-11,"Capcom, Capcom Production Studio 4",4.3,2300.0,2300.0,Shooter,14000.0,360.0,3000.0,1200.0
Resident Evil 4,PS2,2005,Action,Capcom,2.08,0.83,0.46,0.25,3.62,2005-01-11,"Capcom, Capcom Production Studio 4",4.3,2300.0,2300.0,Shooter,14000.0,360.0,3000.0,1200.0
Tom Clancy's The Division,PS4,2016,Shooter,Ubisoft,1.28,1.61,0.15,0.57,3.61,2016-03-07,"Ubisoft Entertainment, Massive Entertainment",2.8,239.0,239.0,"Adventure, RPG, Shooter, Strategy, Tactical",2900.0,40.0,332.0,78.0
Star Wars: Battlefront,PS2,2004,Shooter,LucasArts,1.93,1.22,0.03,0.44,3.61,2004-09-20,"Pandemic Studios, LucasArts",3.5,255.0,255.0,Shooter,4100.0,9.0,261.0,109.0
The Simpsons: Road Rage,PS2,2001,Racing,Electronic Arts,2.02,1.17,0.0,0.42,3.61,2001-11-19,"Electronic Arts, Fox Interactive",2.9,103.0,103.0,Racing,1700.0,6.0,146.0,61.0
Star Wars: Battlefront II,PS2,2005,Shooter,LucasArts,2.18,1.02,0.03,0.37,3.59,2005-10-31,"Pandemic Studios, LucasArts",4.0,650.0,650.0,Shooter,7700.0,35.0,520.0,189.0
Battlefield 4,X360,2013,Shooter,Electronic Arts,2.14,1.08,0.02,0.29,3.53,2013-10-29,"EA Digital Illusions CE, Electronic Arts",3.5,431.0,431.0,Shooter,7100.0,72.0,506.0,124.0
Left 4 Dead,X360,2008,Shooter,Electronic Arts,2.66,0.5,0.05,0.3,3.52,2008-11-17,"Certain Affinity, Valve",3.6,488.0,488.0,Shooter,8600.0,35.0,772.0,213.0
Resident Evil 5,X360,2009,Action,Capcom,2.11,0.94,0.12,0.34,3.51,2009-03-05,Capcom,3.1,1000.0,1000.0,"Adventure, Shooter",10000.0,176.0,1600.0,561.0
Batman: Arkham Asylum,X360,2009,Action,Eidos Interactive,2.2,0.97,0.02,0.31,3.5,2009-08-25,"Eidos Interactive, Rocksteady Studios",3.9,1400.0,1400.0,"Adventure, Brawler",17000.0,232.0,2300.0,672.0
Battlefield: Bad Company 2,X360,2010,Shooter,Electronic Arts,2.09,1.02,0.04,0.32,3.48,2010-03-02,"EA Digital Illusions CE, Electronic Arts",3.6,288.0,288.0,"Adventure, Shooter, Simulator, Strategy",4200.0,23.0,349.0,119.0
Far Cry 3,PS3,2012,Shooter,Ubisoft,0.88,1.75,0.1,0.72,3.45,2012-11-28,"Ubisoft Entertainment, Ubisoft Montreal",3.7,983.0,983.0,"Adventure, Shooter",14000.0,188.0,1900.0,660.0
Borderlands,X360,2009,Shooter,Take-Two Interactive,2.39,0.73,0.03,0.29,3.44,2009-10-20,"2K Games, Gearbox Software",3.1,484.0,484.0,"RPG, Shooter",9100.0,98.0,1200.0,450.0
Borderlands,X360,2009,Shooter,Take-Two Interactive,2.39,0.73,0.03,0.29,3.44,2009-10-20,"2K Games, Gearbox Software",3.1,484.0,484.0,"RPG, Shooter",9100.0,98.0,1200.0,450.0
Tekken 4,PS2,2002,Fighting,Namco Bandai Games,1.55,1.27,0.33,0.29,3.44,2001-07-01,"Namco, Namco Hometek",3.4,243.0,243.0,Fighting,1900.0,9.0,144.0,109.0
Battlefield 4,PS4,2013,Shooter,Electronic Arts,1.34,1.54,0.17,0.38,3.43,2013-10-29,"EA Digital Illusions CE, Electronic Arts",3.5,431.0,431.0,Shooter,7100.0,72.0,506.0,124.0
Final Fantasy III,SNES,1994,Role-Playing,SquareSoft,0.86,0.0,2.55,0.02,3.42,2006-08-24,"Square, Square Enix",3.1,342.0,342.0,"Adventure, RPG",2600.0,59.0,891.0,290.0
Metal Gear Solid V: The Phantom Pain,PS4,2015,Action,Konami Digital Entertainment,1.08,1.35,0.48,0.47,3.38,2015-09-01,"Konami, Kojima Productions",3.8,1500.0,1500.0,"Adventure, Shooter, Tactical",14000.0,503.0,4500.0,1200.0
The Legend of Zelda: Majora's Mask,N64,2000,Action,Nintendo,1.9,0.67,0.73,0.06,3.36,2000-04-27,"Nintendo, Nintendo EAD",4.4,2200.0,2200.0,Adventure,13000.0,347.0,3900.0,1800.0
Professor Layton and the Unwound Future,DS,2008,Puzzle,Nintendo,0.65,1.61,0.82,0.28,3.36,2008-11-27,"Level-5, Nintendo of America",4.3,378.0,378.0,"Point-and-Click, Puzzle, Visual Novel",2400.0,33.0,664.0,388.0
Max Payne,PS2,2001,Shooter,Take-Two Interactive,1.99,1.05,0.05,0.22,3.31,2001-07-23,"Gathering of Developers, Remedy Entertainment",3.9,786.0,786.0,Shooter,6300.0,102.0,1500.0,742.0
Max Payne,PS2,2001,Shooter,Take-Two Interactive,1.99,1.05,0.05,0.22,3.31,2001-07-23,"Gathering of Developers, Remedy Entertainment",3.9,786.0,786.0,Shooter,6300.0,102.0,1500.0,742.0
Assassin's Creed Syndicate,PS4,2015,Action,Ubisoft,0.8,1.92,0.06,0.5,3.28,2015-10-23,"Ubisoft Entertainment, Ubisoft Québec",3.0,562.0,562.0,Adventure,5600.0,97.0,1500.0,417.0
God of War: Chains of Olympus,PSP,2008,Action,Sony Computer Entertainment,1.48,1.01,0.04,0.66,3.19,2008-03-04,"Sony Computer Entertainment, Inc. (SCEI), Ready at Dawn",3.2,396.0,396.0,"Adventure, Brawler",4000.0,31.0,599.0,300.0
Fallout: New Vegas,PS3,2010,Role-Playing,Bethesda Softworks,1.52,1.08,0.1,0.47,3.17,2010-10-19,"Obsidian Entertainment, Bandai Namco Entertainment",4.3,2000.0,2000.0,"RPG, Shooter",16000.0,756.0,5000.0,1400.0
Fallout: New Vegas,PS3,2010,Role-Playing,Bethesda Softworks,1.52,1.08,0.1,0.47,3.17,2010-10-19,"Obsidian Entertainment, Bandai Namco Entertainment",4.3,2000.0,2000.0,"RPG, Shooter",16000.0,756.0,5000.0,1400.0
Fallout: New Vegas,PS3,2010,Role-Playing,Bethesda Softworks,1.52,1.08,0.1,0.47,3.17,2010-10-19,"Obsidian Entertainment, Bandai Namco Entertainment",4.3,2000.0,2000.0,"RPG, Shooter",16000.0,756.0,5000.0,1400.0
Animal Crossing,GC,2001,Simulation,Nintendo,1.92,0.16,0.99,0.09,3.15,2001-12-14,"Nintendo, Nintendo EAD",3.9,533.0,533.0,Simulator,3900.0,51.0,389.0,317.0
Animal Crossing,GC,2001,Simulation,Nintendo,1.92,0.16,0.99,0.09,3.15,2001-12-14,"Nintendo, Nintendo EAD",3.9,533.0,533.0,Simulator,3900.0,51.0,389.0,317.0
Sonic Rush,DS,2005,Platform,Sega,1.22,1.57,0.06,0.29,3.15,2005-11-15,"Sonic Team, Sega",3.6,536.0,536.0,Platform,4600.0,61.0,671.0,292.0
Resident Evil 6,PS3,2012,Shooter,Capcom,0.88,0.97,0.88,0.42,3.15,2012-10-02,Capcom,2.5,888.0,888.0,"Adventure, Shooter",7800.0,189.0,1800.0,552.0
Resident Evil 6,PS3,2012,Shooter,Capcom,0.88,0.97,0.88,0.42,3.15,2012-10-02,Capcom,2.5,888.0,888.0,"Adventure, Shooter",7800.0,189.0,1800.0,552.0
Halo: The Master Chief Collection,XOne,2014,Shooter,Microsoft Game Studios,1.89,0.99,0.03,0.24,3.15,2014-11-11,"343 Industries, Xbox Game Studios",4.2,356.0,356.0,Shooter,5100.0,362.0,1300.0,463.0
The Elder Scrolls IV: Oblivion,PS3,2007,Role-Playing,Ubisoft,1.69,0.87,0.14,0.42,3.12,2006-03-20,"Bethesda Game Studios, 2K Games",3.7,725.0,725.0,"Adventure, RPG",8100.0,183.0,1900.0,563.0
Mass Effect 2,X360,2010,Role-Playing,Electronic Arts,1.99,0.82,0.03,0.27,3.11,2010-01-26,"BioWare, Electronic Arts",4.3,1300.0,1300.0,"Adventure, RPG, Shooter",9600.0,107.0,1900.0,645.0
Mass Effect 2,X360,2010,Role-Playing,Electronic Arts,1.99,0.82,0.03,0.27,3.11,2010-01-26,"BioWare, Electronic Arts",4.3,1300.0,1300.0,"Adventure, RPG, Shooter",9600.0,107.0,1900.0,645.0
Borderlands 2,X360,2012,Shooter,Take-Two Interactive,1.89,0.91,0.04,0.24,3.07,2012-09-18,"Gearbox Software, 2K Games",3.5,1100.0,1100.0,"RPG, Shooter",16000.0,344.0,2700.0,494.0
Borderlands 2,X360,2012,Shooter,Take-Two Interactive,1.89,0.91,0.04,0.24,3.07,2012-09-18,"Gearbox Software, 2K Games",3.5,1100.0,1100.0,"RPG, Shooter",16000.0,344.0,2700.0,494.0
The Legend of Zelda: A Link Between Worlds,3DS,2013,Action,Nintendo,1.4,0.99,0.46,0.22,3.07,2013-11-22,"Nintendo, Nintendo EAD Software Development Group No.3",4.1,1300.0,1300.0,"Adventure, Puzzle, RPG",10000.0,168.0,2400.0,1100.0
Mass Effect 3,X360,2012,Role-Playing,Electronic Arts,1.94,0.86,0.03,0.24,3.07,2012-03-06,"BioWare Edmonton, Electronic Arts",3.7,777.0,777.0,"Adventure, RPG, Shooter",7300.0,79.0,1500.0,482.0
Far Cry 3,X360,2012,Shooter,Ubisoft,1.38,1.35,0.02,0.28,3.04,2012-11-28,"Ubisoft Entertainment, Ubisoft Montreal",3.7,983.0,983.0,"Adventure, Shooter",14000.0,188.0,1900.0,660.0
Saints Row 2,X360,2008,Action,THQ,1.94,0.8,0.02,0.27,3.03,2008-10-14,"Volition, THQ",3.7,412.0,412.0,"Adventure, Racing, Shooter",3600.0,56.0,803.0,191.0
Dragon Ball Z: Budokai Tenkaichi 3,PS2,2007,Fighting,Atari,1.15,0.0,0.76,1.09,3.0,2007-10-04,"Namco Bandai Games, Spike",3.9,435.0,435.0,Fighting,6600.0,32.0,278.0,135.0
Devil May Cry,PS2,2001,Action,Capcom,1.36,0.86,0.64,0.13,2.99,2001-08-23,"Capcom Production Studio 4, Capcom",3.5,1200.0,1200.0,Brawler,10000.0,286.0,2500.0,1100.0
Battlefield: Bad Company 2,PS3,2010,Shooter,Electronic Arts,1.33,1.12,0.08,0.45,2.97,2010-03-02,"EA Digital Illusions CE, Electronic Arts",3.6,288.0,288.0,"Adventure, Shooter, Simulator, Strategy",4200.0,23.0,349.0,119.0
The Sims 4,PC,2014,Simulation,Electronic Arts,0.96,1.72,0.0,0.29,2.97,2014-09-02,"Electronic Arts, The Sims Studio",3.0,458.0,458.0,"RPG, Simulator",8300.0,434.0,667.0,110.0
The Sims 4,PC,2014,Simulation,Electronic Arts,0.96,1.72,0.0,0.29,2.97,2014-09-02,"Electronic Arts, The Sims Studio",3.0,458.0,458.0,"RPG, Simulator",8300.0,434.0,667.0,110.0
Kirby Super Star Ultra,DS,2008,Platform,Nintendo,1.57,0.04,1.19,0.15,2.96,2008-09-22,"Nintendo of Europe, HAL Laboratory",4.3,743.0,743.0,"Adventure, Platform",5800.0,47.0,773.0,427.0
Kirby Super Star Ultra,DS,2008,Platform,Nintendo,1.57,0.04,1.19,0.15,2.96,2008-09-22,"Nintendo of Europe, HAL Laboratory",4.3,743.0,743.0,"Adventure, Platform",5800.0,47.0,773.0,427.0
Mass Effect,X360,2007,Role-Playing,Microsoft Game Studios,1.83,0.8,0.03,0.27,2.93,2007-11-20,"BioWare, Microsoft Game Studios",3.8,1000.0,1000.0,"RPG, Shooter",10000.0,172.0,2000.0,774.0
WarioWare: Smooth Moves,Wii,2006,Puzzle,Nintendo,0.87,1.06,0.73,0.26,2.92,2006-12-02,"Intelligent Systems Co., Ltd., Nintendo",3.9,319.0,319.0,Puzzle,3100.0,7.0,256.0,189.0
Super Mario World 2: Yoshi's Island,GBA,2002,Platform,Nintendo,1.75,0.45,0.62,0.09,2.91,1995-08-05,"Nintendo EAD, Nintendo",4.1,1100.0,1100.0,Platform,7100.0,141.0,1500.0,360.0
FIFA 14,PS4,2013,Sports,Electronic Arts,0.61,1.85,0.11,0.33,2.9,2013-09-24,"EA Sports, EA Canada",3.2,92.0,92.0,Sport,2200.0,8.0,52.0,13.0
Call of Duty: Ghosts,XOne,2013,Shooter,Activision,1.87,0.77,0.0,0.22,2.86,2013-11-05,"Neversoft Entertainment, Activision",2.4,411.0,411.0,Shooter,6500.0,9.0,353.0,150.0
The Elder Scrolls III: Morrowind,XB,2002,Role-Playing,Ubisoft,2.09,0.63,0.03,0.11,2.86,2002-05-01,"Bethesda Game Studios, ZeniMax Media",4.0,549.0,549.0,"Adventure, RPG",3700.0,150.0,1700.0,487.0
Mortal Kombat,PS3,2011,Fighting,Warner Bros. Interactive Entertainment,1.98,0.55,0.0,0.32,2.85,2011-04-19,"NetherRealm Studios, WB Games",3.6,468.0,468.0,Fighting,6600.0,19.0,289.0,120.0
BioShock,X360,2007,Shooter,Take-Two Interactive,1.65,0.86,0.05,0.28,2.83,2007-08-21,"2K Games, 2K Boston",4.0,1800.0,1800.0,"Adventure, RPG, Shooter",17000.0,339.0,4000.0,1200.0
Metroid Prime,GC,2002,Shooter,Nintendo,1.96,0.67,0.1,0.09,2.82,2002-11-17,"Nintendo, Retro Studios",4.3,1400.0,1400.0,"Adventure, Platform, Shooter",6800.0,221.0,2700.0,1200.0
Need for Speed: Hot Pursuit,PS3,2010,Racing,Electronic Arts,1.05,1.25,0.03,0.48,2.81,2010-11-16,"Criterion Games, Electronic Arts",3.3,148.0,148.0,Racing,2000.0,23.0,182.0,54.0
Star Wars: The Force Unleashed,X360,2008,Action,LucasArts,1.74,0.8,0.0,0.26,2.8,2008-09-16,"THQ Wireless, Aspyr Media",3.2,417.0,417.0,"Adventure, Brawler, RPG",7400.0,50.0,823.0,350.0
Killzone 3,PS3,2011,Shooter,Sony Computer Entertainment,1.45,0.88,0.09,0.38,2.79,2011-02-22,"Guerrilla Games, Sony Computer Entertainment, Inc. (SCEI)",3.1,155.0,155.0,Shooter,1300.0,6.0,249.0,91.0
Tekken 6,PS3,2009,Fighting,Namco Bandai Games,1.2,0.98,0.17,0.43,2.78,2007-11-26,Bandai Namco Entertainment,3.4,235.0,235.0,Fighting,2300.0,15.0,173.0,96.0
Sonic and the Secret Rings,Wii,2007,Platform,Sega,1.24,1.2,0.04,0.3,2.77,2007-02-20,"Sega, Sonic Team",1.9,362.0,362.0,Platform,3100.0,18.0,348.0,160.0
Sonic and the Secret Rings,Wii,2007,Platform,Sega,1.24,1.2,0.04,0.3,2.77,2007-02-20,"Sega, Sonic Team",1.9,362.0,362.0,Platform,3100.0,18.0,348.0,160.0
Saints Row: The Third,X360,2011,Action,THQ,1.25,1.15,0.07,0.3,2.77,2011-11-15,"Volition, THQ",3.4,482.0,482.0,"Adventure, Racing, Shooter",9400.0,74.0,879.0,210.0
Call of Duty 3,X360,2006,Shooter,Activision,1.49,0.93,0.02,0.27,2.71,2006-11-07,"Activision, Treyarch",2.8,231.0,231.0,Shooter,2900.0,8.0,239.0,122.0
The Legend of Zelda: A Link to the Past,GBA,2002,Action,Nintendo,1.75,0.52,0.33,0.1,2.7,1991-11-21,"Nintendo EAD, St. GIGA",4.1,1700.0,1700.0,"Adventure, Puzzle, RPG",13000.0,360.0,3200.0,911.0
The Legend of Zelda: A Link to the Past,GBA,2002,Action,Nintendo,1.75,0.52,0.33,0.1,2.7,1991-11-21,"Nintendo EAD, St. GIGA",4.1,1700.0,1700.0,"Adventure, Puzzle, RPG",13000.0,360.0,3200.0,911.0
Mortal Kombat X,PS4,2015,Fighting,Warner Bros. Interactive Entertainment,1.47,0.76,0.0,0.47,2.7,2015-04-13,"NetherRealm Studios, WB Games",3.3,430.0,430.0,Fighting,7100.0,43.0,602.0,138.0
Skate 3,X360,2010,Sports,Electronic Arts,1.46,0.98,0.0,0.24,2.68,2010-05-11,"EA Black Box, Electronic Arts",4.0,318.0,318.0,Sport,4100.0,44.0,313.0,188.0
Final Fantasy XIII-2,PS3,2011,Role-Playing,Square Enix,0.78,0.75,0.89,0.26,2.68,2011-12-15,Square Enix,3.3,482.0,482.0,"Adventure, RPG",2300.0,58.0,1400.0,449.0
Final Fantasy XIII-2,PS3,2011,Role-Playing,Square Enix,0.78,0.75,0.89,0.26,2.68,2011-12-15,Square Enix,3.3,482.0,482.0,"Adventure, RPG",2300.0,58.0,1400.0,449.0
Mortal Kombat,GEN,1992,Fighting,Arena Entertainment,1.95,0.63,0.0,0.09,2.67,2011-04-19,"NetherRealm Studios, WB Games",3.6,468.0,468.0,Fighting,6600.0,19.0,289.0,120.0
LittleBigPlanet,PSP,2009,Platform,Sony Computer Entertainment,0.64,1.24,0.01,0.69,2.58,2008-10-27,"Media Molecule, Sony Computer Entertainment",3.6,405.0,405.0,Platform,6000.0,21.0,403.0,219.0
Dragon Age: Origins,X360,2009,Role-Playing,Electronic Arts,1.76,0.56,0.03,0.22,2.57,2009-11-03,"Electronic Arts, BioWare",4.0,712.0,712.0,RPG,6100.0,148.0,1700.0,534.0
Dragon Age: Origins,X360,2009,Role-Playing,Electronic Arts,1.76,0.56,0.03,0.22,2.57,2009-11-03,"Electronic Arts, BioWare",4.0,712.0,712.0,RPG,6100.0,148.0,1700.0,534.0
Crazy Taxi,PS2,2001,Racing,Acclaim Entertainment,1.13,1.12,0.06,0.22,2.52,1999-02-12,"Sega, Hitmaker",3.6,425.0,425.0,"Arcade, Racing",4800.0,19.0,556.0,227.0
Mario Party 2,N64,1999,Misc,Nintendo,1.28,0.14,1.08,0.01,2.5,1999-12-17,"Hudson Soft, Nintendo",3.7,348.0,348.0,Card & Board Game,3900.0,11.0,199.0,132.0
Mario Party 2,N64,1999,Misc,Nintendo,1.28,0.14,1.08,0.01,2.5,1999-12-17,"Hudson Soft, Nintendo",3.7,348.0,348.0,Card & Board Game,3900.0,11.0,199.0,132.0
Saints Row: The Third,PS3,2011,Action,THQ,0.86,1.06,0.18,0.39,2.49,2011-11-15,"Volition, THQ",3.4,482.0,482.0,"Adventure, Racing, Shooter",9400.0,74.0,879.0,210.0
LEGO Harry Potter: Years 1-4,Wii,2010,Action,Warner Bros. Interactive Entertainment,1.29,0.97,0.0,0.23,2.49,2010-06-25,"WB Games, ""Travellers Tales""",3.2,349.0,349.0,"Adventure, Platform, Puzzle",4100.0,53.0,449.0,113.0
Mario Party 4,GC,2002,Misc,Nintendo,1.13,0.36,0.92,0.07,2.47,2002-10-21,"Hudson Soft, Nintendo",3.5,231.0,231.0,Card & Board Game,3000.0,7.0,156.0,113.0
Final Fantasy V,SNES,1992,Role-Playing,SquareSoft,0.0,0.0,2.43,0.02,2.45,1992-12-06,Square Enix,3.8,532.0,532.0,"Adventure, RPG",2300.0,78.0,1200.0,460.0
Final Fantasy Tactics,PS,1997,Role-Playing,SquareSoft,0.93,0.12,1.34,0.06,2.45,1997-06-20,"Sony Computer Entertainment, Inc. (SCEI), Square",4.2,506.0,506.0,"RPG, Strategy, Tactical, Turn Based Strategy",2100.0,73.0,1600.0,681.0
Minecraft,XOne,2014,Misc,Microsoft Game Studios,1.43,0.76,0.0,0.22,2.41,2011-11-18,Mojang Studios,4.3,2300.0,2300.0,"Adventure, Simulator",33000.0,1800.0,1100.0,230.0
Minecraft,XOne,2014,Misc,Microsoft Game Studios,1.43,0.76,0.0,0.22,2.41,2011-11-18,Mojang Studios,4.3,2300.0,2300.0,"Adventure, Simulator",33000.0,1800.0,1100.0,230.0
Minecraft,XOne,2014,Misc,Microsoft Game Studios,1.43,0.76,0.0,0.22,2.41,2011-11-18,Mojang Studios,4.3,2300.0,2300.0,"Adventure, Simulator",33000.0,1800.0,1100.0,230.0
Minecraft,XOne,2014,Misc,Microsoft Game Studios,1.43,0.76,0.0,0.22,2.41,2017-09-20,Mojang Studios,4.2,571.0,571.0,"Adventure, Simulator",11000.0,509.0,412.0,85.0
Batman: Arkham Origins,PS3,2013,Action,Warner Bros. Interactive Entertainment,1.07,0.87,0.04,0.4,2.39,2013-10-16,"WB Games, WB Games Montréal",3.4,642.0,642.0,"Adventure, Brawler",7800.0,125.0,1700.0,632.0
Bloodborne,PS4,2015,Action,Sony Computer Entertainment,1.0,0.76,0.26,0.36,2.38,2015-03-24,"FromSoftware, Sony Computer Entertainment",4.5,3400.0,3400.0,"Adventure, RPG",17000.0,1100.0,5600.0,3300.0
Bloodborne,PS4,2015,Action,Sony Computer Entertainment,1.0,0.76,0.26,0.36,2.38,2015-03-24,"FromSoftware, Sony Computer Entertainment",4.5,3400.0,3400.0,"Adventure, RPG",17000.0,1100.0,5600.0,3300.0
Bloodborne,PS4,2015,Action,Sony Computer Entertainment,1.0,0.76,0.26,0.36,2.38,2015-03-24,"FromSoftware, Sony Computer Entertainment",4.5,3400.0,3400.0,"Adventure, RPG",17000.0,1100.0,5600.0,3300.0
Half-Life 2,PC,2004,Shooter,Vivendi Games,2.28,0.02,0.08,0.0,2.37,2004-11-16,"Sierra Entertainment, Valve",4.2,1700.0,1700.0,Shooter,15000.0,257.0,3500.0,1000.0
Kirby's Dream Land 2,GB,1995,Platform,Nintendo,0.69,0.14,1.48,0.05,2.36,1995-03-21,"Nintendo, HAL Laboratory",3.2,414.0,414.0,Platform,2300.0,41.0,480.0,146.0
LEGO Harry Potter: Years 1-4,DS,2010,Action,Warner Bros. Interactive Entertainment,1.07,1.05,0.0,0.23,2.35,2010-06-25,"WB Games, ""Travellers Tales""",3.2,349.0,349.0,"Adventure, Platform, Puzzle",4100.0,53.0,449.0,113.0
The Legend of Zelda: Majora's Mask 3D,3DS,2015,Action,Nintendo,1.14,0.54,0.47,0.17,2.32,2015-02-12,"Nintendo, Nintendo EAD Tokyo",4.1,797.0,797.0,"Adventure, RPG",6700.0,191.0,2200.0,813.0
Grand Theft Auto,PS,1997,Action,Take-Two Interactive,0.79,1.35,0.04,0.14,2.32,1997-10-21,"DMA Design, Take-Two Interactive",2.5,181.0,181.0,"Adventure, Racing, Shooter",1600.0,4.0,225.0,109.0
Chrono Trigger,SNES,1995,Role-Playing,SquareSoft,0.28,0.0,2.02,0.01,2.31,1995-03-11,Square,4.5,1900.0,1900.0,"Adventure, RPG",9100.0,518.0,4900.0,2200.0
Chrono Trigger,SNES,1995,Role-Playing,SquareSoft,0.28,0.0,2.02,0.01,2.31,1995-03-11,Square,4.5,1900.0,1900.0,"Adventure, RPG",9100.0,518.0,4900.0,2200.0
Chrono Trigger,SNES,1995,Role-Playing,SquareSoft,0.28,0.0,2.02,0.01,2.31,2008-11-20,Square Enix,4.4,295.0,295.0,Adventure,2400.0,135.0,1300.0,499.0
LEGO Marvel Super Heroes,X360,2013,Action,Warner Bros. Interactive Entertainment,1.24,0.85,0.0,0.21,2.3,2013-09-30,"WB Games, ""Travellers Tales""",3.6,522.0,522.0,"Adventure, Brawler, Puzzle",6000.0,65.0,592.0,126.0
LEGO Marvel Super Heroes,X360,2013,Action,Warner Bros. Interactive Entertainment,1.24,0.85,0.0,0.21,2.3,2013-09-30,"WB Games, ""Travellers Tales""",3.6,522.0,522.0,"Adventure, Brawler, Puzzle",6000.0,65.0,592.0,126.0
God of War: Ascension,PS3,2013,Action,Sony Computer Entertainment,1.23,0.68,0.04,0.34,2.29,2013-03-12,"Sony Computer Entertainment, Inc. (SCEI), SIE Santa Monica Studio",2.9,318.0,318.0,"Adventure, Brawler",2700.0,27.0,625.0,351.0
Star Wars: The Force Unleashed,PS3,2008,Action,LucasArts,1.01,0.9,0.0,0.37,2.28,2008-09-16,"THQ Wireless, Aspyr Media",3.2,417.0,417.0,"Adventure, Brawler, RPG",7400.0,50.0,823.0,350.0
Borderlands 2,PS3,2012,Shooter,Take-Two Interactive,1.05,0.77,0.1,0.36,2.28,2012-09-18,"Gearbox Software, 2K Games",3.5,1100.0,1100.0,"RPG, Shooter",16000.0,344.0,2700.0,494.0
Borderlands 2,PS3,2012,Shooter,Take-Two Interactive,1.05,0.77,0.1,0.36,2.28,2012-09-18,"Gearbox Software, 2K Games",3.5,1100.0,1100.0,"RPG, Shooter",16000.0,344.0,2700.0,494.0
Guitar Hero III: Legends of Rock,PS3,2007,Misc,Activision,1.4,0.54,0.02,0.3,2.26,2007-10-28,"Neversoft Entertainment, Activision",3.9,489.0,489.0,"Music, Simulator",6900.0,21.0,174.0,78.0
Call of Duty 3,Wii,2009,Shooter,Activision,1.19,0.84,0.0,0.23,2.26,2006-11-07,"Activision, Treyarch",2.8,231.0,231.0,Shooter,2900.0,8.0,239.0,122.0
Resident Evil 4,Wii,2007,Action,Capcom,1.34,0.57,0.14,0.21,2.26,2005-01-11,"Capcom, Capcom Production Studio 4",4.3,2300.0,2300.0,Shooter,14000.0,360.0,3000.0,1200.0
Resident Evil 4,Wii,2007,Action,Capcom,1.34,0.57,0.14,0.21,2.26,2005-01-11,"Capcom, Capcom Production Studio 4",4.3,2300.0,2300.0,Shooter,14000.0,360.0,3000.0,1200.0
Resident Evil 4,Wii,2007,Action,Capcom,1.34,0.57,0.14,0.21,2.26,2005-01-11,"Capcom, Capcom Production Studio 4",4.3,2300.0,2300.0,Shooter,14000.0,360.0,3000.0,1200.0
Minecraft,PSV,2014,Misc,Sony Computer Entertainment Europe,0.28,0.79,0.87,0.32,2.25,2011-11-18,Mojang Studios,4.3,2300.0,2300.0,"Adventure, Simulator",33000.0,1800.0,1100.0,230.0
Minecraft,PSV,2014,Misc,Sony Computer Entertainment Europe,0.28,0.79,0.87,0.32,2.25,2011-11-18,Mojang Studios,4.3,2300.0,2300.0,"Adventure, Simulator",33000.0,1800.0,1100.0,230.0
Minecraft,PSV,2014,Misc,Sony Computer Entertainment Europe,0.28,0.79,0.87,0.32,2.25,2011-11-18,Mojang Studios,4.3,2300.0,2300.0,"Adventure, Simulator",33000.0,1800.0,1100.0,230.0
Minecraft,PSV,2014,Misc,Sony Computer Entertainment Europe,0.28,0.79,0.87,0.32,2.25,2017-09-20,Mojang Studios,4.2,571.0,571.0,"Adventure, Simulator",11000.0,509.0,412.0,85.0
Paper Mario: The Thousand-Year Door,GC,2004,Role-Playing,Nintendo,1.48,0.25,0.46,0.06,2.25,2004-07-22,"Nintendo, Intelligent Systems Co., Ltd.",4.4,1300.0,1300.0,"Adventure, RPG, Turn Based Strategy",6700.0,187.0,2900.0,1500.0
Paper Mario: The Thousand-Year Door,GC,2004,Role-Playing,Nintendo,1.48,0.25,0.46,0.06,2.25,2004-07-22,"Nintendo, Intelligent Systems Co., Ltd.",4.4,1300.0,1300.0,"Adventure, RPG, Turn Based Strategy",6700.0,187.0,2900.0,1500.0
Sonic Advance,GBA,2001,Platform,Sega,1.19,0.71,0.22,0.13,2.24,2001-12-20,"Sega, Dimps",3.2,446.0,446.0,Platform,4000.0,26.0,508.0,212.0
Prince of Persia: The Sands of Time,PS2,2003,Action,Ubisoft,0.88,1.03,0.0,0.31,2.22,2003-11-06,"Ubisoft Entertainment, Ubisoft Montreal",3.6,480.0,480.0,"Adventure, Platform",5500.0,37.0,1100.0,421.0
Scribblenauts,DS,2009,Puzzle,Warner Bros. Interactive Entertainment,1.71,0.32,0.02,0.18,2.22,2009-09-15,"5th Cell, Konami",3.2,151.0,151.0,Puzzle,3200.0,3.0,155.0,80.0
Need for Speed: Hot Pursuit,X360,2010,Racing,Electronic Arts,1.03,0.98,0.0,0.21,2.22,2010-11-16,"Criterion Games, Electronic Arts",3.3,148.0,148.0,Racing,2000.0,23.0,182.0,54.0
BioShock 2,X360,2010,Shooter,Take-Two Interactive,1.45,0.55,0.02,0.19,2.21,2010-02-09,"2K Marin, 2K Games",3.6,687.0,687.0,"Adventure, RPG, Shooter",9100.0,103.0,3300.0,691.0
BioShock 2,X360,2010,Shooter,Take-Two Interactive,1.45,0.55,0.02,0.19,2.21,2010-02-09,"2K Marin, 2K Games",3.6,687.0,687.0,"Adventure, RPG, Shooter",9100.0,103.0,3300.0,691.0
Rock Band 2,X360,2008,Misc,Electronic Arts,1.78,0.24,0.0,0.18,2.2,2008-09-14,"MTV Games, Harmonix Music Systems",4.0,180.0,180.0,Music,2000.0,10.0,56.0,29.0
Wario Land 3,GB,2000,Platform,Nintendo,1.11,0.51,0.34,0.23,2.2,2000-03-21,"Nintendo R&D1, Nintendo",3.8,284.0,284.0,"Adventure, Platform, Puzzle",1200.0,67.0,588.0,174.0
Sonic Unleashed,Wii,2008,Platform,Sega,1.28,0.68,0.02,0.21,2.2,2008-11-20,"Sega, Sonic Team",3.3,728.0,728.0,"Adventure, Brawler, Platform",6500.0,118.0,995.0,476.0
Star Wars: Knights of the Old Republic,XB,2003,Role-Playing,Activision,1.68,0.44,0.0,0.08,2.19,2003-07-15,"BioWare, LucasArts",4.2,839.0,839.0,"Adventure, RPG",5300.0,180.0,2300.0,705.0
Star Wars: Knights of the Old Republic,XB,2003,Role-Playing,Activision,1.68,0.44,0.0,0.08,2.19,2003-07-15,"BioWare, LucasArts",4.2,839.0,839.0,"Adventure, RPG",5300.0,180.0,2300.0,705.0
Donkey Kong Country,GB,2000,Platform,Nintendo,1.04,0.72,0.3,0.13,2.19,1994-11-18,Rare,3.9,1300.0,1300.0,"Adventure, Platform",11000.0,186.0,1900.0,514.0
Donkey Kong Country,GB,2000,Platform,Nintendo,1.04,0.72,0.3,0.13,2.19,1994-11-18,Rare,3.9,1300.0,1300.0,"Adventure, Platform",11000.0,186.0,1900.0,514.0
Donkey Kong Country,GB,2000,Platform,Nintendo,1.04,0.72,0.3,0.13,2.19,1994-11-18,Rare,3.9,1300.0,1300.0,"Adventure, Platform",11000.0,186.0,1900.0,514.0
Super Mario RPG: Legend of the Seven Stars,SNES,1996,Role-Playing,Nintendo,0.66,0.0,1.45,0.03,2.14,1996-03-09,"Square, Nintendo",4.0,832.0,832.0,"Adventure, Platform, RPG",4400.0,133.0,2300.0,858.0
Super Mario RPG: Legend of the Seven Stars,SNES,1996,Role-Playing,Nintendo,0.66,0.0,1.45,0.03,2.14,1996-03-09,"Square, Nintendo",4.0,832.0,832.0,"Adventure, Platform, RPG",4400.0,133.0,2300.0,858.0
Final Fantasy III,DS,2006,Role-Playing,Square Enix,0.91,0.05,1.07,0.09,2.12,2006-08-24,"Square, Square Enix",3.1,342.0,342.0,"Adventure, RPG",2600.0,59.0,891.0,290.0
Borderlands,PS3,2009,Shooter,Take-Two Interactive,1.2,0.62,0.0,0.29,2.11,2009-10-20,"2K Games, Gearbox Software",3.1,484.0,484.0,"RPG, Shooter",9100.0,98.0,1200.0,450.0
Borderlands,PS3,2009,Shooter,Take-Two Interactive,1.2,0.62,0.0,0.29,2.11,2009-10-20,"2K Games, Gearbox Software",3.1,484.0,484.0,"RPG, Shooter",9100.0,98.0,1200.0,450.0
Mortal Kombat,X360,2011,Fighting,Warner Bros. Interactive Entertainment,1.63,0.33,0.0,0.15,2.11,2011-04-19,"NetherRealm Studios, WB Games",3.6,468.0,468.0,Fighting,6600.0,19.0,289.0,120.0
Portal 2,X360,2011,Shooter,Valve Software,1.41,0.51,0.01,0.17,2.1,2011-04-18,"Valve, Electronic Arts",4.4,2900.0,2900.0,"Adventure, Platform, Puzzle, Shooter",29000.0,471.0,3900.0,1200.0
Portal 2,X360,2011,Shooter,Valve Software,1.41,0.51,0.01,0.17,2.1,2011-04-18,"Valve, Electronic Arts",4.4,2900.0,2900.0,"Adventure, Platform, Puzzle, Shooter",29000.0,471.0,3900.0,1200.0
Portal 2,X360,2011,Shooter,Valve Software,1.41,0.51,0.01,0.17,2.1,2011-04-18,"Valve, Electronic Arts",4.4,2900.0,2900.0,"Adventure, Platform, Puzzle, Shooter",29000.0,471.0,3900.0,1200.0
Devil May Cry 3: Dante's Awakening,PS2,2005,Action,Capcom,0.99,0.63,0.29,0.19,2.09,2005-02-17,"Capcom, Capcom Production Studio 1",4.2,909.0,909.0,"Adventure, Brawler, Shooter",6100.0,116.0,1600.0,648.0
Devil May Cry 3: Dante's Awakening,PS2,2005,Action,Capcom,0.99,0.63,0.29,0.19,2.09,2005-02-17,"Capcom, Capcom Production Studio 1",4.2,909.0,909.0,"Adventure, Brawler, Shooter",6100.0,116.0,1600.0,648.0
Metal Gear Solid: Peace Walker,PSP,2010,Action,Konami Digital Entertainment,0.46,0.42,0.96,0.25,2.09,2010-04-29,"Kojima Productions, Konami",3.5,498.0,498.0,"Shooter, Strategy",4000.0,68.0,1300.0,566.0
Skate 3,PS3,2010,Sports,Electronic Arts,0.79,0.94,0.0,0.35,2.08,2010-05-11,"EA Black Box, Electronic Arts",4.0,318.0,318.0,Sport,4100.0,44.0,313.0,188.0
Dark Souls,PS3,2011,Role-Playing,Namco Bandai Games,0.75,0.54,0.54,0.23,2.07,2011-09-22,"FromSoftware, Bandai Namco Entertainment",4.3,2100.0,2100.0,"Adventure, RPG",14000.0,447.0,2500.0,1400.0
Dark Souls,PS3,2011,Role-Playing,Namco Bandai Games,0.75,0.54,0.54,0.23,2.07,2011-09-22,"FromSoftware, Bandai Namco Entertainment",4.3,2100.0,2100.0,"Adventure, RPG",14000.0,447.0,2500.0,1400.0
Dark Souls,PS3,2011,Role-Playing,Namco Bandai Games,0.75,0.54,0.54,0.23,2.07,2011-09-22,"FromSoftware, Bandai Namco Entertainment",4.3,2100.0,2100.0,"Adventure, RPG",14000.0,447.0,2500.0,1400.0
Pokémon Mystery Dungeon: Blue Rescue Team,DS,2005,Role-Playing,Nintendo,1.16,0.06,0.83,0.0,2.05,2005-11-17,"Chunsoft, Nintendo",3.7,273.0,273.0,"Adventure, RPG, Turn Based Strategy",3800.0,28.0,441.0,154.0
NBA Jam,GEN,1992,Sports,Arena Entertainment,1.75,0.25,0.0,0.05,2.05,1993-06-02,Midway,3.6,106.0,106.0,Sport,847.0,0.0,64.0,23.0
Donkey Kong Country,GBA,2003,Platform,Nintendo,1.2,0.48,0.29,0.07,2.04,1994-11-18,Rare,3.9,1300.0,1300.0,"Adventure, Platform",11000.0,186.0,1900.0,514.0
Donkey Kong Country,GBA,2003,Platform,Nintendo,1.2,0.48,0.29,0.07,2.04,1994-11-18,Rare,3.9,1300.0,1300.0,"Adventure, Platform",11000.0,186.0,1900.0,514.0
Donkey Kong Country,GBA,2003,Platform,Nintendo,1.2,0.48,0.29,0.07,2.04,1994-11-18,Rare,3.9,1300.0,1300.0,"Adventure, Platform",11000.0,186.0,1900.0,514.0
Dead Space,PS3,2008,Action,Electronic Arts,1.05,0.67,0.0,0.3,2.02,2023-01-27,"Motive Studios, Electronic Arts",4.3,501.0,501.0,"Adventure, RPG, Shooter",1300.0,248.0,985.0,1900.0
Dead Space,PS3,2008,Action,Electronic Arts,1.05,0.67,0.0,0.3,2.02,2008-10-14,"EA Redwood Shores, Electronic Arts",4.0,1200.0,1200.0,Shooter,9600.0,302.0,2700.0,1100.0
Dead Space,PS3,2008,Action,Electronic Arts,1.05,0.67,0.0,0.3,2.02,2023-01-27,"Motive Studios, Electronic Arts",4.3,501.0,501.0,"Adventure, RPG, Shooter",1300.0,248.0,985.0,1900.0
Dead Space,PS3,2008,Action,Electronic Arts,1.05,0.67,0.0,0.3,2.02,2008-10-14,"EA Redwood Shores, Electronic Arts",4.0,1200.0,1200.0,Shooter,9600.0,302.0,2700.0,1100.0
Dead Space,PS3,2008,Action,Electronic Arts,1.05,0.67,0.0,0.3,2.02,2023-01-27,"Motive Studios, Electronic Arts",4.3,501.0,501.0,"Adventure, RPG, Shooter",1300.0,248.0,985.0,1900.0
Tom Clancy's The Division,XOne,2016,Shooter,Ubisoft,1.2,0.62,0.0,0.18,2.01,2016-03-07,"Ubisoft Entertainment, Massive Entertainment",2.8,239.0,239.0,"Adventure, RPG, Shooter, Strategy, Tactical",2900.0,40.0,332.0,78.0
LEGO Marvel Super Heroes,PS3,2013,Action,Warner Bros. Interactive Entertainment,0.77,0.85,0.01,0.37,2.0,2013-09-30,"WB Games, ""Travellers Tales""",3.6,522.0,522.0,"Adventure, Brawler, Puzzle",6000.0,65.0,592.0,126.0
LEGO Marvel Super Heroes,PS3,2013,Action,Warner Bros. Interactive Entertainment,0.77,0.85,0.01,0.37,2.0,2013-09-30,"WB Games, ""Travellers Tales""",3.6,522.0,522.0,"Adventure, Brawler, Puzzle",6000.0,65.0,592.0,126.0
Fire Emblem: Awakening,3DS,2012,Role-Playing,Nintendo,0.89,0.45,0.53,0.13,2.0,2012-04-19,"Intelligent Systems Co., Ltd., Nintendo",3.8,1200.0,1200.0,"Adventure, RPG, Strategy",9500.0,287.0,2000.0,814.0
Battlefield 4,XOne,2013,Shooter,Electronic Arts,1.25,0.58,0.0,0.16,1.98,2013-10-29,"EA Digital Illusions CE, Electronic Arts",3.5,431.0,431.0,Shooter,7100.0,72.0,506.0,124.0
Resident Evil 6,X360,2012,Shooter,Capcom,1.11,0.63,0.07,0.16,1.98,2012-10-02,Capcom,2.5,888.0,888.0,"Adventure, Shooter",7800.0,189.0,1800.0,552.0
Resident Evil 6,X360,2012,Shooter,Capcom,1.11,0.63,0.07,0.16,1.98,2012-10-02,Capcom,2.5,888.0,888.0,"Adventure, Shooter",7800.0,189.0,1800.0,552.0
Devil May Cry 2,PS2,2003,Action,Capcom,0.71,0.58,0.51,0.17,1.97,2003-01-25,"Capcom, Capcom Production Studio 1",1.6,620.0,620.0,"Adventure, Brawler",6400.0,56.0,1600.0,517.0
BioShock Infinite,X360,2013,Shooter,Take-Two Interactive,1.22,0.57,0.02,0.15,1.96,2013-02-26,"Irrational Games, 2K Games",3.5,1500.0,1500.0,"Adventure, Shooter",18000.0,197.0,4100.0,949.0
Crash Nitro Kart,PS2,2003,Racing,Vivendi Games,0.74,1.01,0.0,0.2,1.95,2003-11-11,"Vicarious Visions, Universal Interactive Studios",3.1,141.0,141.0,Racing,1700.0,4.0,139.0,52.0
Grand Theft Auto: San Andreas,XB,2005,Action,Take-Two Interactive,1.26,0.61,0.0,0.09,1.95,2004-10-26,"Rockstar Games, Rockstar North",4.1,1500.0,1500.0,"Adventure, Racing, Shooter",19000.0,270.0,2400.0,742.0
Batman: Arkham Origins,X360,2013,Action,Warner Bros. Interactive Entertainment,1.15,0.61,0.0,0.17,1.93,2013-10-16,"WB Games, WB Games Montréal",3.4,642.0,642.0,"Adventure, Brawler",7800.0,125.0,1700.0,632.0
Mario Super Sluggers,Wii,2008,Sports,Nintendo,1.51,0.0,0.29,0.12,1.93,2008-06-19,"Namco Bandai Games, Nintendo",3.7,153.0,153.0,Sport,1800.0,4.0,133.0,81.0
The Legend of Zelda: Oracle of Ages,GB,2001,Action,Nintendo,0.92,0.53,0.41,0.06,1.92,2001-02-27,"Nintendo, Capcom",3.7,512.0,512.0,"Adventure, RPG",2800.0,60.0,1500.0,492.0
Mario Party 3,N64,2000,Misc,Nintendo,0.72,0.16,1.01,0.02,1.91,2000-12-07,"Nintendo, Hudson Soft",3.7,219.0,219.0,Card & Board Game,2800.0,6.0,168.0,123.0
Star Wars: The Force Unleashed,Wii,2008,Action,LucasArts,1.14,0.57,0.0,0.19,1.91,2008-09-16,"THQ Wireless, Aspyr Media",3.2,417.0,417.0,"Adventure, Brawler, RPG",7400.0,50.0,823.0,350.0
Max Payne 3,PS3,2012,Shooter,Take-Two Interactive,0.59,0.92,0.06,0.32,1.9,2012-05-15,"Rockstar Games, Rockstar Vancouver",3.7,593.0,593.0,Shooter,5600.0,43.0,1000.0,518.0
Donkey Kong Country Returns,3DS,2013,Platform,Nintendo,0.73,0.62,0.4,0.12,1.87,2010-11-21,"Retro Studios, Nintendo",3.9,521.0,521.0,"Adventure, Platform",5300.0,67.0,1100.0,443.0
The Legend of Zelda: Oracle of Seasons,GB,2001,Adventure,Nintendo,0.87,0.52,0.41,0.06,1.86,2001-02-27,"Nintendo, Capcom",3.7,544.0,544.0,"Adventure, RPG",3100.0,65.0,1600.0,489.0
Chrono Cross,PS,1999,Role-Playing,SquareSoft,0.62,0.42,0.69,0.12,1.86,1999-11-18,Square,4.0,554.0,554.0,RPG,1700.0,60.0,1500.0,768.0
Demon's Souls,PS3,2009,Role-Playing,Namco Bandai Games,0.97,0.34,0.35,0.18,1.84,2020-11-12,"Bluepoint Games, Sony Interactive Entertainment",3.9,880.0,880.0,"Adventure, RPG",4100.0,403.0,2400.0,2100.0
Demon's Souls,PS3,2009,Role-Playing,Namco Bandai Games,0.97,0.34,0.35,0.18,1.84,2020-11-12,"Bluepoint Games, Sony Interactive Entertainment",3.9,880.0,880.0,"Adventure, RPG",4100.0,403.0,2400.0,2100.0
Demon's Souls,PS3,2009,Role-Playing,Namco Bandai Games,0.97,0.34,0.35,0.18,1.84,2009-02-05,"FromSoftware, Atlus",4.1,1200.0,1200.0,"Adventure, RPG",5500.0,155.0,1700.0,1200.0
Demon's Souls,PS3,2009,Role-Playing,Namco Bandai Games,0.97,0.34,0.35,0.18,1.84,2020-11-12,"Bluepoint Games, Sony Interactive Entertainment",3.9,880.0,880.0,"Adventure, RPG",4100.0,403.0,2400.0,2100.0
Just Cause 3,PS4,2015,Action,Square Enix,0.46,1.02,0.07,0.28,1.83,2015-11-30,"Avalanche Studios, Square Enix",3.1,269.0,269.0,Adventure,4900.0,93.0,1000.0,155.0
Secret of Mana,SNES,1993,Role-Playing,SquareSoft,0.25,0.07,1.49,0.02,1.83,1993-08-06,"Square Enix, Square",3.3,413.0,413.0,RPG,1900.0,57.0,1300.0,511.0
The Evil Within,PS4,2014,Action,Bethesda Softworks,0.55,0.84,0.11,0.31,1.81,2014-10-14,"Tango Gameworks, Bethesda Softworks",3.4,629.0,629.0,"Adventure, Shooter",4800.0,140.0,1800.0,822.0
Crazy Taxi,DC,2000,Racing,Sega,1.1,0.51,0.12,0.08,1.81,1999-02-12,"Sega, Hitmaker",3.6,425.0,425.0,"Arcade, Racing",4800.0,19.0,556.0,227.0
Beyond: Two Souls,PS3,2013,Adventure,Sony Computer Entertainment,0.52,0.88,0.06,0.34,1.79,2013-10-08,"Quantic Dream, Sony Computer Entertainment",2.7,433.0,433.0,Adventure,5400.0,52.0,1100.0,524.0
Just Cause 2,PS3,2010,Action,Square Enix,0.45,0.94,0.06,0.33,1.78,2010-03-23,"Avalanche Studios, Eidos Interactive",3.2,302.0,302.0,"Adventure, Racing, Shooter",5100.0,36.0,771.0,142.0
Dragon's Dogma,PS3,2012,Role-Playing,Capcom,0.41,0.46,0.72,0.19,1.78,2012-05-22,Capcom,3.7,210.0,210.0,"Brawler, RPG",1100.0,45.0,487.0,206.0
Metroid II: Return of Samus,GB,1991,Adventure,Nintendo,0.85,0.31,0.56,0.04,1.76,1991-08-26,"Nintendo, Nintendo R&D1",3.1,445.0,445.0,"Adventure, Platform, Shooter",2100.0,39.0,595.0,193.0
BioShock Infinite,PS3,2013,Shooter,Take-Two Interactive,0.72,0.69,0.04,0.31,1.76,2013-02-26,"Irrational Games, 2K Games",3.5,1500.0,1500.0,"Adventure, Shooter",18000.0,197.0,4100.0,949.0
Kingdom Hearts,PS3,2013,Role-Playing,Square Enix,0.9,0.37,0.25,0.24,1.75,2002-03-28,"Square, Disney Interactive Studios",3.6,1300.0,1300.0,"Adventure, RPG",12000.0,266.0,2100.0,1000.0
Kingdom Hearts,PS3,2013,Role-Playing,Square Enix,0.9,0.37,0.25,0.24,1.75,2002-03-28,"Square, Disney Interactive Studios",3.6,1300.0,1300.0,"Adventure, RPG",12000.0,266.0,2100.0,1000.0
Kingdom Hearts,PS3,2013,Role-Playing,Square Enix,0.9,0.37,0.25,0.24,1.75,2002-03-28,"Square, Disney Interactive Studios",3.6,1300.0,1300.0,"Adventure, RPG",12000.0,266.0,2100.0,1000.0
Star Wars: Battlefront,XB,2004,Shooter,Activision,1.24,0.45,0.0,0.07,1.75,2004-09-20,"Pandemic Studios, LucasArts",3.5,255.0,255.0,Shooter,4100.0,9.0,261.0,109.0
Disney's Aladdin,SNES,1993,Platform,Capcom,0.94,0.34,0.21,0.27,1.75,1993-11-21,Capcom,3.4,203.0,203.0,"Adventure, Arcade, Platform",2200.0,9.0,192.0,85.0
Kirby's Adventure,NES,1993,Platform,Nintendo,0.79,0.14,0.8,0.02,1.75,1993-03-23,"HAL Laboratory, Nintendo",3.6,718.0,718.0,Platform,6000.0,61.0,690.0,217.0
Kirby's Adventure,NES,1993,Platform,Nintendo,0.79,0.14,0.8,0.02,1.75,1993-03-23,"HAL Laboratory, Nintendo",3.6,718.0,718.0,Platform,6000.0,61.0,690.0,217.0
Xenosaga Episode I: Der Wille zur Macht,PS2,2002,Role-Playing,Namco Bandai Games,0.63,0.49,0.45,0.17,1.74,2002-02-28,"Monolith Soft, Namco",3.7,412.0,412.0,"Adventure, RPG",1200.0,103.0,1300.0,575.0
Portal 2,PS3,2011,Shooter,Valve,0.83,0.63,0.02,0.25,1.74,2011-04-18,"Valve, Electronic Arts",4.4,2900.0,2900.0,"Adventure, Platform, Puzzle, Shooter",29000.0,471.0,3900.0,1200.0
Portal 2,PS3,2011,Shooter,Valve,0.83,0.63,0.02,0.25,1.74,2011-04-18,"Valve, Electronic Arts",4.4,2900.0,2900.0,"Adventure, Platform, Puzzle, Shooter",29000.0,471.0,3900.0,1200.0
Portal 2,PS3,2011,Shooter,Valve,0.83,0.63,0.02,0.25,1.74,2011-04-18,"Valve, Electronic Arts",4.4,2900.0,2900.0,"Adventure, Platform, Puzzle, Shooter",29000.0,471.0,3900.0,1200.0
Sonic Colors,Wii,2010,Platform,Sega,0.96,0.61,0.01,0.16,1.74,2010-11-11,"SEGA of America, Sonic Team",3.4,609.0,609.0,"Adventure, Platform",5100.0,44.0,690.0,342.0
Sonic Colors,Wii,2010,Platform,Sega,0.96,0.61,0.01,0.16,1.74,2010-11-11,"SEGA of America, Sonic Team",3.4,609.0,609.0,"Adventure, Platform",5100.0,44.0,690.0,342.0
Overwatch,PS4,2016,Shooter,Activision,0.64,0.68,0.14,0.26,1.73,2016-05-24,"Blizzard Entertainment, Square Enix",3.2,957.0,957.0,"Shooter, Strategy",19000.0,436.0,411.0,214.0
Dishonored,X360,2012,Action,Bethesda Softworks,1.06,0.52,0.01,0.14,1.73,2012-10-09,"Arkane Studios, Bethesda Softworks",3.9,1100.0,1100.0,"Adventure, RPG",14000.0,268.0,3100.0,866.0
Dishonored,X360,2012,Action,Bethesda Softworks,1.06,0.52,0.01,0.14,1.73,2012-10-09,"Arkane Studios, Bethesda Softworks",3.9,1100.0,1100.0,"Adventure, RPG",14000.0,268.0,3100.0,866.0
Dishonored,X360,2012,Action,Bethesda Softworks,1.06,0.52,0.01,0.14,1.73,2012-10-09,"Arkane Studios, Bethesda Softworks",3.9,1100.0,1100.0,"Adventure, RPG",14000.0,268.0,3100.0,866.0
Call of Duty: Modern Warfare 3,PC,2011,Shooter,Activision,0.41,0.98,0.0,0.33,1.72,2011-11-08,"Sledgehammer Games, Activision",3.2,587.0,587.0,"Adventure, Shooter, Tactical",10000.0,27.0,492.0,195.0
Toy Story 2: Buzz Lightyear to the Rescue!,PS,1998,Platform,Activision,0.99,0.64,0.0,0.08,1.71,1999-11-22,"Activision, ""Travellers Tales""",3.4,245.0,245.0,"Adventure, Platform",2300.0,26.0,262.0,117.0
Saints Row 2,PS3,2008,Action,THQ,0.88,0.54,0.02,0.25,1.69,2008-10-14,"Volition, THQ",3.7,412.0,412.0,"Adventure, Racing, Shooter",3600.0,56.0,803.0,191.0
Saints Row IV,X360,2013,Action,Deep Silver,1.01,0.53,0.01,0.14,1.69,2013-08-19,"Volition, Deep Silver",3.1,386.0,386.0,"Adventure, Shooter",7200.0,64.0,775.0,176.0
Dragon Age: Origins,PS3,2009,Role-Playing,Electronic Arts,0.96,0.44,0.08,0.22,1.69,2009-11-03,"Electronic Arts, BioWare",4.0,712.0,712.0,RPG,6100.0,148.0,1700.0,534.0
Dragon Age: Origins,PS3,2009,Role-Playing,Electronic Arts,0.96,0.44,0.08,0.22,1.69,2009-11-03,"Electronic Arts, BioWare",4.0,712.0,712.0,RPG,6100.0,148.0,1700.0,534.0
Sid Meier's Civilization V,PC,2010,Strategy,Take-Two Interactive,0.98,0.52,0.0,0.19,1.69,2010-09-21,"2K Games, Firaxis Games",3.9,320.0,320.0,"Simulator, Strategy, Turn Based Strategy",5400.0,56.0,369.0,140.0
Resident Evil 4,GC,2005,Action,Capcom,0.98,0.42,0.22,0.06,1.69,2005-01-11,"Capcom, Capcom Production Studio 4",4.3,2300.0,2300.0,Shooter,14000.0,360.0,3000.0,1200.0
Resident Evil 4,GC,2005,Action,Capcom,0.98,0.42,0.22,0.06,1.69,2005-01-11,"Capcom, Capcom Production Studio 4",4.3,2300.0,2300.0,Shooter,14000.0,360.0,3000.0,1200.0
Resident Evil 4,GC,2005,Action,Capcom,0.98,0.42,0.22,0.06,1.69,2005-01-11,"Capcom, Capcom Production Studio 4",4.3,2300.0,2300.0,Shooter,14000.0,360.0,3000.0,1200.0
LEGO Batman 2: DC Super Heroes,X360,2012,Action,Warner Bros. Interactive Entertainment,0.9,0.64,0.0,0.15,1.68,2012-06-19,"Feral Interactive, ""Travellers Tales""",3.5,446.0,446.0,"Adventure, Brawler, Platform",4600.0,41.0,821.0,132.0
Metroid Fusion,GBA,2002,Action,Nintendo,1.18,0.27,0.17,0.06,1.68,2002-11-17,"Nintendo, Nintendo R&D1",4.0,1300.0,1300.0,"Adventure, Platform, Shooter",7900.0,146.0,2000.0,799.0
Star Wars: Battlefront II,XB,2005,Shooter,Activision,1.22,0.39,0.0,0.06,1.67,2005-10-31,"Pandemic Studios, LucasArts",4.0,650.0,650.0,Shooter,7700.0,35.0,520.0,189.0
Max Payne 3,X360,2012,Shooter,Take-Two Interactive,0.86,0.64,0.01,0.14,1.66,2012-05-15,"Rockstar Games, Rockstar Vancouver",3.7,593.0,593.0,Shooter,5600.0,43.0,1000.0,518.0
Dragon Ball Z: Budokai Tenkaichi,PS2,2005,Fighting,Atari,0.96,0.12,0.54,0.04,1.66,2005-10-06,"Spike, Bandai",2.9,96.0,96.0,Fighting,1700.0,2.0,69.0,29.0
Ms. Pac-Man,2600,1981,Puzzle,Atari,1.54,0.1,0.0,0.02,1.65,1982-02-03,"Atari, Inc., General Computer Corporation (GCC)",3.6,198.0,198.0,Arcade,1600.0,1.0,45.0,38.0
Prince of Persia: Warrior Within,PS2,2004,Action,Ubisoft,0.54,0.88,0.0,0.22,1.64,2004-11-30,"Ubisoft Montreal, Ubisoft Entertainment",3.5,237.0,237.0,"Adventure, Fighting, Platform",2800.0,20.0,551.0,220.0
Until Dawn,PS4,2015,Adventure,Sony Computer Entertainment Europe,0.44,0.89,0.05,0.25,1.64,2015-08-25,"Supermassive Games, Sony Computer Entertainment",3.4,812.0,812.0,Adventure,8000.0,85.0,1200.0,585.0
Call of Duty: Black Ops,PC,2009,Shooter,Activision,0.58,0.81,0.0,0.24,1.63,2010-11-09,"Activision, Treyarch",3.7,920.0,920.0,Shooter,14000.0,44.0,611.0,318.0
Call of Duty: Black Ops,PC,2009,Shooter,Activision,0.58,0.81,0.0,0.24,1.63,2010-11-09,"Activision, Treyarch",3.7,920.0,920.0,Shooter,14000.0,44.0,611.0,318.0
Sonic Generations,PS3,2011,Platform,Sega,0.6,0.73,0.02,0.28,1.63,2011-11-01,"Sonic Team, Sega",3.8,1100.0,1100.0,"Adventure, Platform",9900.0,133.0,1700.0,480.0
Just Cause 2,X360,2010,Action,Square Enix,0.59,0.85,0.02,0.17,1.62,2010-03-23,"Avalanche Studios, Eidos Interactive",3.2,302.0,302.0,"Adventure, Racing, Shooter",5100.0,36.0,771.0,142.0
Far Cry 4,XOne,2014,Shooter,Ubisoft,0.79,0.68,0.01,0.13,1.61,2014-11-18,Ubisoft Montreal,3.2,558.0,558.0,"Adventure, Shooter, Tactical",8500.0,90.0,1300.0,442.0
Far Cry 4,XOne,2014,Shooter,Ubisoft,0.79,0.68,0.01,0.13,1.61,2014-11-18,Ubisoft Montreal,3.2,558.0,558.0,"Adventure, Shooter, Tactical",8500.0,90.0,1300.0,442.0
Silent Hill,PS,1999,Action,Konami Digital Entertainment,0.71,0.48,0.3,0.1,1.6,1999-02-23,"Konami, Team Silent",4.1,1300.0,1300.0,"Adventure, Puzzle",6800.0,272.0,2300.0,1600.0
Silent Hill,PS,1999,Action,Konami Digital Entertainment,0.71,0.48,0.3,0.1,1.6,1999-02-23,"Konami, Team Silent",4.1,1300.0,1300.0,"Adventure, Puzzle",6800.0,272.0,2300.0,1600.0
Dragon Quest V: Hand of the Heavenly Bride,DS,2008,Role-Playing,Square Enix,0.19,0.02,1.36,0.02,1.6,2008-07-17,"Chunsoft, Square Enix",4.2,371.0,371.0,RPG,1400.0,85.0,1000.0,478.0
The Legend of Zelda: Twilight Princess,GC,2006,Action,Nintendo,1.15,0.36,0.04,0.04,1.59,2006-11-19,"Nintendo, Nintendo EAD Software Development Group No.3",4.1,642.0,642.0,"Adventure, RPG",6000.0,82.0,1100.0,466.0
The Legend of Zelda: Twilight Princess,GC,2006,Action,Nintendo,1.15,0.36,0.04,0.04,1.59,2006-11-19,"Nintendo, Nintendo EAD Software Development Group No.3",4.0,899.0,899.0,"Adventure, RPG",10000.0,228.0,2500.0,1300.0
The Legend of Zelda: Twilight Princess,GC,2006,Action,Nintendo,1.15,0.36,0.04,0.04,1.59,2006-11-19,"Nintendo, Nintendo EAD Software Development Group No.3",4.1,642.0,642.0,"Adventure, RPG",6000.0,82.0,1100.0,466.0
Devil May Cry 4,PS3,2008,Action,Capcom,0.58,0.46,0.34,0.21,1.59,2008-01-31,"Capcom, Capcom Production Studio 1",3.6,511.0,511.0,"Adventure, Brawler",6500.0,84.0,1700.0,681.0
LEGO Harry Potter: Years 1-4,X360,2010,Action,Warner Bros. Interactive Entertainment,0.95,0.5,0.0,0.14,1.59,2010-06-25,"WB Games, ""Travellers Tales""",3.2,349.0,349.0,"Adventure, Platform, Puzzle",4100.0,53.0,449.0,113.0
Wolfenstein: The New Order,PS4,2014,Shooter,Bethesda Softworks,0.47,0.8,0.03,0.29,1.58,2014-05-20,"MachineGames, Bethesda Softworks",3.6,794.0,794.0,"Adventure, Shooter",8400.0,149.0,2200.0,722.0
Wolfenstein: The New Order,PS4,2014,Shooter,Bethesda Softworks,0.47,0.8,0.03,0.29,1.58,2014-05-20,"MachineGames, Bethesda Softworks",3.6,794.0,794.0,"Adventure, Shooter",8400.0,149.0,2200.0,722.0
Guitar Hero 5,Wii,2009,Misc,Activision,0.94,0.49,0.0,0.15,1.58,2009-09-01,"Activision, Neversoft Entertainment",3.2,63.0,63.0,Music,1100.0,0.0,65.0,22.0
Twisted Metal,PS,1995,Action,Sony Computer Entertainment,1.32,0.19,0.0,0.05,1.56,1995-11-05,"Eat Sleep Play Inc., Sony Computer Entertainment",3.1,117.0,117.0,"Fighting, Racing, Shooter",986.0,1.0,148.0,81.0
Dark Souls III,PS4,2016,Role-Playing,Namco Bandai Games,0.58,0.44,0.33,0.21,1.56,2016-03-24,"Bandai Namco Entertainment, FromSoftware",4.2,2400.0,2400.0,"Adventure, RPG",19000.0,851.0,4300.0,2200.0
Dark Souls III,PS4,2016,Role-Playing,Namco Bandai Games,0.58,0.44,0.33,0.21,1.56,2016-03-24,"Bandai Namco Entertainment, FromSoftware",4.2,2400.0,2400.0,"Adventure, RPG",19000.0,851.0,4300.0,2200.0
Dark Souls III,PS4,2016,Role-Playing,Namco Bandai Games,0.58,0.44,0.33,0.21,1.56,2016-03-24,"Bandai Namco Entertainment, FromSoftware",4.2,2400.0,2400.0,"Adventure, RPG",19000.0,851.0,4300.0,2200.0
LEGO Marvel Super Heroes,PS4,2013,Action,Warner Bros. Interactive Entertainment,0.59,0.75,0.01,0.21,1.56,2013-09-30,"WB Games, ""Travellers Tales""",3.6,522.0,522.0,"Adventure, Brawler, Puzzle",6000.0,65.0,592.0,126.0
LEGO Marvel Super Heroes,PS4,2013,Action,Warner Bros. Interactive Entertainment,0.59,0.75,0.01,0.21,1.56,2013-09-30,"WB Games, ""Travellers Tales""",3.6,522.0,522.0,"Adventure, Brawler, Puzzle",6000.0,65.0,592.0,126.0
Dishonored,PS3,2012,Action,Bethesda Softworks,0.72,0.54,0.04,0.25,1.55,2012-10-09,"Arkane Studios, Bethesda Softworks",3.9,1100.0,1100.0,"Adventure, RPG",14000.0,268.0,3100.0,866.0
Dishonored,PS3,2012,Action,Bethesda Softworks,0.72,0.54,0.04,0.25,1.55,2012-10-09,"Arkane Studios, Bethesda Softworks",3.9,1100.0,1100.0,"Adventure, RPG",14000.0,268.0,3100.0,866.0
Dishonored,PS3,2012,Action,Bethesda Softworks,0.72,0.54,0.04,0.25,1.55,2012-10-09,"Arkane Studios, Bethesda Softworks",3.9,1100.0,1100.0,"Adventure, RPG",14000.0,268.0,3100.0,866.0
BioShock 2,PS3,2010,Shooter,Take-Two Interactive,0.85,0.47,0.02,0.22,1.55,2010-02-09,"2K Marin, 2K Games",3.6,687.0,687.0,"Adventure, RPG, Shooter",9100.0,103.0,3300.0,691.0
BioShock 2,PS3,2010,Shooter,Take-Two Interactive,0.85,0.47,0.02,0.22,1.55,2010-02-09,"2K Marin, 2K Games",3.6,687.0,687.0,"Adventure, RPG, Shooter",9100.0,103.0,3300.0,691.0
Star Wars: The Force Unleashed II,PS3,2010,Action,LucasArts,0.8,0.53,0.0,0.22,1.55,2010-10-26,LucasArts,2.8,242.0,242.0,"Adventure, Brawler, RPG",4100.0,18.0,597.0,268.0
Ni no Kuni: Wrath of the White Witch,PS3,2011,Role-Playing,Namco Bandai Games,0.6,0.51,0.21,0.23,1.55,2011-11-17,"Namco Bandai Games, Level-5",3.7,438.0,438.0,"Adventure, RPG",2400.0,161.0,1700.0,682.0
Warcraft III: The Frozen Throne,PC,2003,Strategy,Activision,0.58,0.87,0.0,0.09,1.54,2003-07-01,"Blizzard Entertainment, Sierra Entertainment",4.3,159.0,159.0,"Real Time Strategy, Strategy",2600.0,14.0,181.0,73.0
Call of Duty: Black Ops II,PC,2012,Shooter,Activision,0.63,0.69,0.0,0.21,1.53,2012-11-12,"Treyarch, Activision",3.8,903.0,903.0,Shooter,13000.0,57.0,626.0,286.0
Call of Duty: Black Ops II,PC,2012,Shooter,Activision,0.63,0.69,0.0,0.21,1.53,2012-11-12,"Treyarch, Activision",3.8,903.0,903.0,Shooter,13000.0,57.0,626.0,286.0
The Simpsons Game,DS,2007,Action,Electronic Arts,0.57,0.79,0.0,0.17,1.53,2007-10-30,"Griptonite Games, Electronic Arts",3.0,200.0,200.0,Platform,3800.0,20.0,283.0,156.0
Mortal Kombat 3,SNES,1994,Fighting,Acclaim Entertainment,1.19,0.29,0.0,0.05,1.53,1995-04-15,Midway Games,3.1,162.0,162.0,Fighting,1700.0,4.0,85.0,41.0
Donkey Kong Country: Tropical Freeze,WiiU,2014,Platform,Nintendo,0.73,0.52,0.15,0.12,1.52,2018-05-04,"Nintendo, Retro Studios",4.2,373.0,373.0,Platform,2100.0,91.0,741.0,500.0
Dead Space 2,X360,2011,Shooter,Electronic Arts,0.94,0.45,0.0,0.13,1.52,2011-01-25,"Electronic Arts, Visceral Games",4.0,775.0,775.0,"Adventure, Shooter",6000.0,97.0,1900.0,716.0
Call of Duty 3,PS3,2006,Shooter,Activision,0.6,0.63,0.03,0.26,1.52,2006-11-07,"Activision, Treyarch",2.8,231.0,231.0,Shooter,2900.0,8.0,239.0,122.0
Mega Man 2,NES,1988,Action,Capcom,0.93,0.15,0.42,0.01,1.51,1989-06-02,Capcom,3.6,857.0,857.0,"Adventure, Platform",6100.0,34.0,542.0,163.0
Mega Man 2,NES,1988,Action,Capcom,0.93,0.15,0.42,0.01,1.51,1989-06-02,Capcom,3.6,857.0,857.0,"Adventure, Platform",6100.0,34.0,542.0,163.0
The Simpsons Game,PS2,2007,Action,Electronic Arts,0.35,0.03,0.0,1.13,1.51,2007-10-30,"Griptonite Games, Electronic Arts",3.0,200.0,200.0,Platform,3800.0,20.0,283.0,156.0
Sonic CD,SCD,1993,Platform,Sega,1.0,0.36,0.09,0.05,1.5,1993-09-23,"Sonic Team, Sega",3.4,629.0,629.0,Platform,4900.0,43.0,656.0,223.0
Rock Band 2,PS3,2008,Misc,MTV Games,1.13,0.2,0.0,0.16,1.5,2008-09-14,"MTV Games, Harmonix Music Systems",4.0,180.0,180.0,Music,2000.0,10.0,56.0,29.0
Banjo-Tooie,N64,2000,Platform,Nintendo,0.82,0.36,0.25,0.06,1.49,2000-11-20,"Microsoft Game Studios, Rare",3.8,443.0,443.0,"Adventure, Platform",3000.0,29.0,1200.0,485.0
Mass Effect 2,PS3,2011,Role-Playing,Electronic Arts,0.78,0.47,0.03,0.2,1.48,2010-01-26,"BioWare, Electronic Arts",4.3,1300.0,1300.0,"Adventure, RPG, Shooter",9600.0,107.0,1900.0,645.0
Mass Effect 2,PS3,2011,Role-Playing,Electronic Arts,0.78,0.47,0.03,0.2,1.48,2010-01-26,"BioWare, Electronic Arts",4.3,1300.0,1300.0,"Adventure, RPG, Shooter",9600.0,107.0,1900.0,645.0
Tom Clancy's Splinter Cell: Pandora Tomorrow,XB,2004,Action,Ubisoft,0.82,0.59,0.0,0.07,1.48,2004-03-23,"Ubisoft Shanghai, Ubisoft Entertainment",3.4,137.0,137.0,"Shooter, Tactical",1000.0,7.0,317.0,123.0
Metal Gear Rising: Revengeance,PS3,2013,Action,Konami Digital Entertainment,0.45,0.4,0.44,0.18,1.47,2013-02-19,"Konami, PlatinumGames",4.1,2100.0,2100.0,"Adventure, Brawler, Shooter, Strategy",14000.0,492.0,4200.0,2000.0
Metal Gear Rising: Revengeance,PS3,2013,Action,Konami Digital Entertainment,0.45,0.4,0.44,0.18,1.47,2013-02-19,"Konami, PlatinumGames",4.1,2100.0,2100.0,"Adventure, Brawler, Shooter, Strategy",14000.0,492.0,4200.0,2000.0
Metal Gear Rising: Revengeance,PS3,2013,Action,Konami Digital Entertainment,0.45,0.4,0.44,0.18,1.47,2013-02-19,"Konami, PlatinumGames",4.1,2100.0,2100.0,"Adventure, Brawler, Shooter, Strategy",14000.0,492.0,4200.0,2000.0
Chrono Trigger,DS,2008,Role-Playing,Square Enix,0.69,0.2,0.49,0.09,1.47,1995-03-11,Square,4.5,1900.0,1900.0,"Adventure, RPG",9100.0,518.0,4900.0,2200.0
Chrono Trigger,DS,2008,Role-Playing,Square Enix,0.69,0.2,0.49,0.09,1.47,1995-03-11,Square,4.5,1900.0,1900.0,"Adventure, RPG",9100.0,518.0,4900.0,2200.0
Chrono Trigger,DS,2008,Role-Playing,Square Enix,0.69,0.2,0.49,0.09,1.47,2008-11-20,Square Enix,4.4,295.0,295.0,Adventure,2400.0,135.0,1300.0,499.0
Star Wars: The Force Unleashed II,X360,2010,Action,LucasArts,0.95,0.4,0.0,0.12,1.47,2010-10-26,LucasArts,2.8,242.0,242.0,"Adventure, Brawler, RPG",4100.0,18.0,597.0,268.0
Mass Effect 3,PS3,2012,Role-Playing,Electronic Arts,0.63,0.59,0.03,0.21,1.46,2012-03-06,"BioWare Edmonton, Electronic Arts",3.7,777.0,777.0,"Adventure, RPG, Shooter",7300.0,79.0,1500.0,482.0
LEGO Batman 2: DC Super Heroes,Wii,2012,Action,Warner Bros. Interactive Entertainment,0.94,0.4,0.0,0.11,1.46,2012-06-19,"Feral Interactive, ""Travellers Tales""",3.5,446.0,446.0,"Adventure, Brawler, Platform",4600.0,41.0,821.0,132.0
Batman: Arkham Knight,XOne,2015,Action,Warner Bros. Interactive Entertainment,0.86,0.46,0.0,0.13,1.45,2015-06-23,"Rocksteady Studios, Warner Bros. Interactive Entertainment",3.7,1200.0,1200.0,"Adventure, Brawler",13000.0,279.0,3400.0,757.0
Batman: Arkham Knight,XOne,2015,Action,Warner Bros. Interactive Entertainment,0.86,0.46,0.0,0.13,1.45,2015-06-23,"Rocksteady Studios, Warner Bros. Interactive Entertainment",3.7,1200.0,1200.0,"Adventure, Brawler",13000.0,279.0,3400.0,757.0
Batman: Arkham Knight,XOne,2015,Action,Warner Bros. Interactive Entertainment,0.86,0.46,0.0,0.13,1.45,2015-06-23,"Rocksteady Studios, Warner Bros. Interactive Entertainment",3.7,1200.0,1200.0,"Adventure, Brawler",13000.0,279.0,3400.0,757.0
BioShock,PS3,2008,Shooter,Take-Two Interactive,0.75,0.49,0.01,0.21,1.45,2007-08-21,"2K Games, 2K Boston",4.0,1800.0,1800.0,"Adventure, RPG, Shooter",17000.0,339.0,4000.0,1200.0
Far Cry 4,PS3,2014,Shooter,Ubisoft,0.33,0.79,0.08,0.23,1.44,2014-11-18,Ubisoft Montreal,3.2,558.0,558.0,"Adventure, Shooter, Tactical",8500.0,90.0,1300.0,442.0
Far Cry 4,PS3,2014,Shooter,Ubisoft,0.33,0.79,0.08,0.23,1.44,2014-11-18,Ubisoft Montreal,3.2,558.0,558.0,"Adventure, Shooter, Tactical",8500.0,90.0,1300.0,442.0
Rayman Raving Rabbids,Wii,2006,Misc,Ubisoft,1.23,0.07,0.02,0.11,1.44,2006-11-19,"Ubisoft Entertainment, Ubisoft Montpellier",2.7,137.0,137.0,"Adventure, Platform, Puzzle",2700.0,9.0,191.0,63.0
Dead Space 2,PS3,2011,Shooter,Electronic Arts,0.73,0.5,0.0,0.21,1.44,2011-01-25,"Electronic Arts, Visceral Games",4.0,775.0,775.0,"Adventure, Shooter",6000.0,97.0,1900.0,716.0
The Legend of Zelda: The Minish Cap,GBA,2004,Action,Nintendo,0.89,0.22,0.22,0.1,1.42,2004-11-04,"Nintendo, Capcom Production Studio 1",3.9,1100.0,1100.0,"Adventure, RPG",8700.0,280.0,2500.0,911.0
Sonic Generations,X360,2011,Platform,Sega,0.71,0.57,0.0,0.14,1.42,2011-11-01,"Sonic Team, Sega",3.8,1100.0,1100.0,"Adventure, Platform",9900.0,133.0,1700.0,480.0
Super Metroid,SNES,1994,Action,Nintendo,0.57,0.12,0.71,0.02,1.42,1994-03-19,"Nintendo R&D1, Nintendo",4.3,2200.0,2200.0,"Adventure, Platform, Shooter",11000.0,309.0,3000.0,907.0
Dead Space,X360,2008,Action,Electronic Arts,0.89,0.4,0.0,0.13,1.42,2023-01-27,"Motive Studios, Electronic Arts",4.3,501.0,501.0,"Adventure, RPG, Shooter",1300.0,248.0,985.0,1900.0
Dead Space,X360,2008,Action,Electronic Arts,0.89,0.4,0.0,0.13,1.42,2008-10-14,"EA Redwood Shores, Electronic Arts",4.0,1200.0,1200.0,Shooter,9600.0,302.0,2700.0,1100.0
Dead Space,X360,2008,Action,Electronic Arts,0.89,0.4,0.0,0.13,1.42,2023-01-27,"Motive Studios, Electronic Arts",4.3,501.0,501.0,"Adventure, RPG, Shooter",1300.0,248.0,985.0,1900.0
Dead Space,X360,2008,Action,Electronic Arts,0.89,0.4,0.0,0.13,1.42,2008-10-14,"EA Redwood Shores, Electronic Arts",4.0,1200.0,1200.0,Shooter,9600.0,302.0,2700.0,1100.0
Dead Space,X360,2008,Action,Electronic Arts,0.89,0.4,0.0,0.13,1.42,2023-01-27,"Motive Studios, Electronic Arts",4.3,501.0,501.0,"Adventure, RPG, Shooter",1300.0,248.0,985.0,1900.0
Injustice: Gods Among Us,X360,2013,Fighting,Warner Bros. Interactive Entertainment,0.97,0.34,0.0,0.11,1.41,2013-04-16,"NetherRealm Studios, WB Games",3.0,364.0,364.0,"Adventure, Fighting",7100.0,17.0,502.0,112.0
Call of Duty: Black Ops,Wii,2010,Shooter,Activision,0.82,0.47,0.0,0.12,1.4,2010-11-09,"Activision, Treyarch",3.7,920.0,920.0,Shooter,14000.0,44.0,611.0,318.0
Call of Duty: Black Ops,Wii,2010,Shooter,Activision,0.82,0.47,0.0,0.12,1.4,2010-11-09,"Activision, Treyarch",3.7,920.0,920.0,Shooter,14000.0,44.0,611.0,318.0
Final Fantasy III,NES,1990,Role-Playing,SquareSoft,0.0,0.0,1.39,0.01,1.4,2006-08-24,"Square, Square Enix",3.1,342.0,342.0,"Adventure, RPG",2600.0,59.0,891.0,290.0
Battlefield 4,PC,2013,Shooter,Electronic Arts,0.38,0.86,0.0,0.16,1.4,2013-10-29,"EA Digital Illusions CE, Electronic Arts",3.5,431.0,431.0,Shooter,7100.0,72.0,506.0,124.0
Deus Ex: Human Revolution,PS3,2011,Shooter,Square Enix,0.5,0.6,0.07,0.23,1.39,2011-08-23,"Square Enix, Eidos Montréal",3.8,559.0,559.0,"RPG, Shooter",5800.0,65.0,1700.0,488.0
NBA Jam,SNES,1994,Sports,Acclaim Entertainment,1.19,0.16,0.0,0.03,1.39,1993-06-02,Midway,3.6,106.0,106.0,Sport,847.0,0.0,64.0,23.0
Deus Ex: Human Revolution,X360,2011,Shooter,Square Enix,0.76,0.48,0.02,0.12,1.39,2011-08-23,"Square Enix, Eidos Montréal",3.8,559.0,559.0,"RPG, Shooter",5800.0,65.0,1700.0,488.0
Sonic Colors,DS,2010,Platform,Sega,0.74,0.5,0.01,0.13,1.37,2010-11-11,"SEGA of America, Sonic Team",3.4,609.0,609.0,"Adventure, Platform",5100.0,44.0,690.0,342.0
Sonic Colors,DS,2010,Platform,Sega,0.74,0.5,0.01,0.13,1.37,2010-11-11,"SEGA of America, Sonic Team",3.4,609.0,609.0,"Adventure, Platform",5100.0,44.0,690.0,342.0
LEGO Harry Potter: Years 1-4,PS3,2010,Action,Warner Bros. Interactive Entertainment,0.55,0.6,0.0,0.22,1.37,2010-06-25,"WB Games, ""Travellers Tales""",3.2,349.0,349.0,"Adventure, Platform, Puzzle",4100.0,53.0,449.0,113.0
Alan Wake,X360,2010,Action,Microsoft Game Studios,0.66,0.51,0.05,0.13,1.35,2010-05-14,"Microsoft Game Studios, Remedy Entertainment",3.6,702.0,702.0,"Adventure, Shooter",6200.0,96.0,2000.0,741.0
Mortal Kombat X,XOne,2015,Fighting,Warner Bros. Interactive Entertainment,1.0,0.21,0.0,0.13,1.35,2015-04-13,"NetherRealm Studios, WB Games",3.3,430.0,430.0,Fighting,7100.0,43.0,602.0,138.0
Devil May Cry 4,X360,2008,Action,Capcom,0.79,0.34,0.08,0.13,1.35,2008-01-31,"Capcom, Capcom Production Studio 1",3.6,511.0,511.0,"Adventure, Brawler",6500.0,84.0,1700.0,681.0
Crysis 2,X360,2011,Action,Electronic Arts,0.7,0.5,0.02,0.12,1.35,2011-03-22,"Crytek Frankfurt, Electronic Arts",3.1,180.0,180.0,"Adventure, Shooter",2900.0,10.0,411.0,155.0
Mortal Kombat 3,GEN,1994,Fighting,Acclaim Entertainment,1.03,0.27,0.0,0.04,1.34,1995-04-15,Midway Games,3.1,162.0,162.0,Fighting,1700.0,4.0,85.0,41.0
Max Payne 2: The Fall of Max Payne,PS2,2003,Shooter,Take-Two Interactive,0.65,0.51,0.0,0.17,1.34,2003-10-14,"Remedy Entertainment, Rockstar Games",4.1,553.0,553.0,Shooter,4100.0,37.0,1100.0,464.0
Metroid Prime 2: Echoes,GC,2004,Shooter,Nintendo,0.87,0.35,0.07,0.04,1.33,2004-11-15,"Retro Studios, Nintendo",4.0,606.0,606.0,"Adventure, Platform, Shooter",3000.0,75.0,1800.0,588.0
Dark Souls II,PS3,2014,Role-Playing,Namco Bandai Games,0.4,0.36,0.4,0.17,1.32,2014-03-11,"FromSoftware, Bandai Namco Entertainment",3.3,815.0,815.0,"Adventure, RPG",6700.0,128.0,1400.0,834.0
Dark Souls II,PS3,2014,Role-Playing,Namco Bandai Games,0.4,0.36,0.4,0.17,1.32,2014-03-11,"FromSoftware, Bandai Namco Entertainment",3.3,815.0,815.0,"Adventure, RPG",6700.0,128.0,1400.0,834.0
Kingdom Hearts II,PS3,2014,Role-Playing,Square Enix,0.52,0.43,0.18,0.19,1.32,2005-12-22,"Buena Vista Games, Square Enix",4.3,1200.0,1200.0,"Adventure, RPG",9600.0,137.0,1600.0,652.0
The LEGO Movie Videogame,X360,2014,Action,Warner Bros. Interactive Entertainment,0.69,0.52,0.0,0.11,1.32,2014-02-04,"WB Games, TT Fusion",2.8,184.0,184.0,"Adventure, Puzzle",1700.0,11.0,239.0,73.0
Tekken 6,X360,2009,Fighting,Namco Bandai Games,0.71,0.42,0.05,0.13,1.31,2007-11-26,Bandai Namco Entertainment,3.4,235.0,235.0,Fighting,2300.0,15.0,173.0,96.0
Crysis 2,PS3,2011,Action,Electronic Arts,0.45,0.57,0.06,0.21,1.3,2011-03-22,"Crytek Frankfurt, Electronic Arts",3.1,180.0,180.0,"Adventure, Shooter",2900.0,10.0,411.0,155.0
Saints Row IV,PS3,2013,Action,Deep Silver,0.56,0.44,0.09,0.21,1.3,2013-08-19,"Volition, Deep Silver",3.1,386.0,386.0,"Adventure, Shooter",7200.0,64.0,775.0,176.0
Metal Gear Solid V: Ground Zeroes,PS4,2014,Action,Konami Digital Entertainment,0.45,0.46,0.17,0.2,1.28,2014-03-18,"Konami, Kojima Productions",3.3,650.0,650.0,"Adventure, RPG, Shooter, Strategy",9500.0,53.0,1700.0,549.0
Metal Gear Solid V: Ground Zeroes,PS4,2014,Action,Konami Digital Entertainment,0.45,0.46,0.17,0.2,1.28,2014-03-18,"Konami, Kojima Productions",3.3,650.0,650.0,"Adventure, RPG, Shooter, Strategy",9500.0,53.0,1700.0,549.0
Assassin's Creed Syndicate,XOne,2015,Action,Ubisoft,0.61,0.56,0.0,0.11,1.28,2015-10-23,"Ubisoft Entertainment, Ubisoft Québec",3.0,562.0,562.0,Adventure,5600.0,97.0,1500.0,417.0
Kid Icarus: Uprising,3DS,2012,Action,Nintendo,0.48,0.35,0.36,0.07,1.28,2012-03-22,"Nintendo, Project Sora",4.1,860.0,860.0,"Brawler, Shooter",5400.0,140.0,1700.0,924.0
Silent Hill 2,PS2,2001,Action,Konami Digital Entertainment,0.62,0.49,0.0,0.16,1.28,2001-09-24,"Team Silent, Konami",4.5,2200.0,2200.0,"Adventure, Puzzle",8600.0,282.0,2900.0,2100.0
Silent Hill 2,PS2,2001,Action,Konami Digital Entertainment,0.62,0.49,0.0,0.16,1.28,2001-09-24,"Team Silent, Konami",4.5,2200.0,2200.0,"Adventure, Puzzle",8600.0,282.0,2900.0,2100.0
Silent Hill 2,PS2,2001,Action,Konami Digital Entertainment,0.62,0.49,0.0,0.16,1.28,2001-09-24,"Team Silent, Konami",4.5,2200.0,2200.0,"Adventure, Puzzle",8600.0,282.0,2900.0,2100.0
Castlevania: Symphony of the Night,PS,1997,Platform,Konami Digital Entertainment,0.58,0.4,0.21,0.08,1.27,1997-03-20,"Konami, Konami Computer Entertainment Tokyo",4.4,1900.0,1900.0,"Adventure, Platform, RPG",9100.0,316.0,3400.0,1700.0
Final Fantasy IV,DS,2007,Simulation,Square Enix,0.54,0.05,0.62,0.05,1.26,1991-07-19,"Square Enix, Square",3.7,530.0,530.0,RPG,2700.0,60.0,964.0,379.0
Star Wars: The Force Unleashed,PS2,2008,Action,LucasArts,0.49,0.0,0.01,0.75,1.25,2008-09-16,"THQ Wireless, Aspyr Media",3.2,417.0,417.0,"Adventure, Brawler, RPG",7400.0,50.0,823.0,350.0
Injustice: Gods Among Us,PS3,2013,Fighting,Warner Bros. Interactive Entertainment,0.48,0.53,0.01,0.23,1.25,2013-04-16,"NetherRealm Studios, WB Games",3.0,364.0,364.0,"Adventure, Fighting",7100.0,17.0,502.0,112.0
Black,PS2,2006,Shooter,Electronic Arts,1.01,0.04,0.03,0.16,1.25,2006-02-24,"Electronic Arts, Criterion Games",3.4,233.0,233.0,Shooter,2100.0,19.0,359.0,196.0
Tom Clancy's Splinter Cell: Pandora Tomorrow,PS2,2004,Action,Ubisoft,0.52,0.56,0.0,0.17,1.25,2004-03-23,"Ubisoft Shanghai, Ubisoft Entertainment",3.4,137.0,137.0,"Shooter, Tactical",1000.0,7.0,317.0,123.0
The Witcher 3: Wild Hunt,XOne,2015,Role-Playing,Namco Bandai Games,0.66,0.47,0.0,0.11,1.24,2015-05-19,"WB Games, CD Projekt RED",4.3,2000.0,2000.0,"Adventure, RPG",17000.0,1200.0,6100.0,1600.0
The Witcher 3: Wild Hunt,XOne,2015,Role-Playing,Namco Bandai Games,0.66,0.47,0.0,0.11,1.24,2015-05-19,"WB Games, CD Projekt RED",4.3,2000.0,2000.0,"Adventure, RPG",17000.0,1200.0,6100.0,1600.0
The Witcher 3: Wild Hunt,XOne,2015,Role-Playing,Namco Bandai Games,0.66,0.47,0.0,0.11,1.24,2015-05-19,"WB Games, CD Projekt RED",4.3,2000.0,2000.0,"Adventure, RPG",17000.0,1200.0,6100.0,1600.0
Castlevania,NES,1986,Platform,Konami Digital Entertainment,0.54,0.06,0.62,0.01,1.23,1986-09-26,"Nintendo, Konami",3.4,845.0,845.0,"Adventure, Platform",5700.0,58.0,869.0,365.0
Bayonetta,PS3,2009,Action,Sega,0.44,0.41,0.21,0.17,1.23,2009-10-29,"Nex Entertainment, Sega",3.9,1700.0,1700.0,"Brawler, Shooter",13000.0,614.0,5000.0,2300.0
Bayonetta,PS3,2009,Action,Sega,0.44,0.41,0.21,0.17,1.23,2009-10-29,"Nex Entertainment, Sega",3.9,1700.0,1700.0,"Brawler, Shooter",13000.0,614.0,5000.0,2300.0
Bayonetta,PS3,2009,Action,Sega,0.44,0.41,0.21,0.17,1.23,2009-10-29,"Nex Entertainment, Sega",3.9,1700.0,1700.0,"Brawler, Shooter",13000.0,614.0,5000.0,2300.0
Star Wars: Battlefront II,PSP,2005,Shooter,LucasArts,1.05,0.06,0.01,0.11,1.23,2005-10-31,"Pandemic Studios, LucasArts",4.0,650.0,650.0,Shooter,7700.0,35.0,520.0,189.0
Fallout 4,PC,2015,Role-Playing,Bethesda Softworks,0.5,0.63,0.0,0.1,1.23,2015-11-09,"Bethesda Game Studios, Bethesda Softworks",3.1,1000.0,1000.0,"RPG, Shooter",16000.0,407.0,2900.0,752.0
Fallout 4,PC,2015,Role-Playing,Bethesda Softworks,0.5,0.63,0.0,0.1,1.23,2015-11-09,"Bethesda Game Studios, Bethesda Softworks",3.1,1000.0,1000.0,"RPG, Shooter",16000.0,407.0,2900.0,752.0
LEGO Batman 2: DC Super Heroes,PS3,2012,Action,Warner Bros. Interactive Entertainment,0.5,0.53,0.0,0.2,1.22,2012-06-19,"Feral Interactive, ""Travellers Tales""",3.5,446.0,446.0,"Adventure, Brawler, Platform",4600.0,41.0,821.0,132.0
Mario Power Tennis,GC,2004,Sports,Nintendo,0.58,0.16,0.46,0.03,1.22,2004-10-28,"Nintendo, Camelot Software Planning",3.5,150.0,150.0,Sport,1900.0,6.0,146.0,91.0
Pac-Man,NES,1984,Puzzle,Namco Bandai Games,0.27,0.08,0.85,0.02,1.22,1980-05-22,"Wiz, Namco Networks America, Inc.",3.4,427.0,427.0,Arcade,5200.0,7.0,108.0,31.0
Max Payne,XB,2001,Shooter,Take-Two Interactive,0.98,0.19,0.0,0.05,1.22,2001-07-23,"Gathering of Developers, Remedy Entertainment",3.9,786.0,786.0,Shooter,6300.0,102.0,1500.0,742.0
Max Payne,XB,2001,Shooter,Take-Two Interactive,0.98,0.19,0.0,0.05,1.22,2001-07-23,"Gathering of Developers, Remedy Entertainment",3.9,786.0,786.0,Shooter,6300.0,102.0,1500.0,742.0
Sly Cooper and the Thievius Raccoonus,PS2,2002,Platform,Sony Computer Entertainment,1.03,0.14,0.0,0.04,1.21,2002-09-23,"Sucker Punch Productions, Sony Computer Entertainment",3.7,525.0,525.0,"Adventure, Platform",3700.0,44.0,772.0,391.0
Pikmin 2,GC,2004,Strategy,Nintendo,0.48,0.13,0.56,0.03,1.2,2004-04-29,"Nintendo, Nintendo EAD",4.1,530.0,530.0,"Adventure, Real Time Strategy",2700.0,53.0,988.0,500.0
The Simpsons: Road Rage,GBA,2003,Racing,THQ,0.86,0.32,0.0,0.02,1.19,2001-11-19,"Electronic Arts, Fox Interactive",2.9,103.0,103.0,Racing,1700.0,6.0,146.0,61.0
FIFA 14,XOne,2013,Sports,Electronic Arts,0.41,0.66,0.0,0.12,1.19,2013-09-24,"EA Sports, EA Canada",3.2,92.0,92.0,Sport,2200.0,8.0,52.0,13.0
Final Fantasy I & II: Dawn of Souls,GBA,2004,Role-Playing,Nintendo,0.64,0.24,0.29,0.02,1.19,2004-07-29,"Square Enix, Nintendo",3.4,93.0,93.0,RPG,1100.0,26.0,207.0,63.0
Shenmue,DC,1999,Adventure,Sega,0.52,0.24,0.38,0.04,1.18,1999-12-29,"Sega AM2, Sega",3.8,496.0,496.0,"Adventure, Brawler, RPG, Simulator",1600.0,61.0,993.0,494.0
Plants vs. Zombies,DS,2011,Strategy,Mastertronic,0.95,0.15,0.0,0.08,1.18,2009-05-05,PopCap Games,3.7,719.0,719.0,"Puzzle, Real Time Strategy, Simulator, Strategy, Tactical",14000.0,117.0,493.0,82.0
Sonic the Hedgehog,PS3,2006,Platform,Sega,0.41,0.07,0.04,0.66,1.18,1991-06-23,"Sonic Team, Sega",3.1,1100.0,1100.0,Platform,12000.0,60.0,804.0,243.0
Sonic the Hedgehog,PS3,2006,Platform,Sega,0.41,0.07,0.04,0.66,1.18,1991-06-23,"Sonic Team, Sega",3.1,1100.0,1100.0,Platform,12000.0,60.0,804.0,243.0
Sonic the Hedgehog,PS3,2006,Platform,Sega,0.41,0.07,0.04,0.66,1.18,1991-06-23,"Sonic Team, Sega",3.1,1100.0,1100.0,Platform,12000.0,60.0,804.0,243.0
Spore,PC,2008,Strategy,Electronic Arts,0.03,1.06,0.0,0.09,1.17,2008-09-04,"Maxis, Electronic Arts",3.3,238.0,238.0,"Adventure, Real Time Strategy, RPG, Simulator, Strategy",6000.0,34.0,427.0,170.0
Gun,PS2,2005,Shooter,Activision,0.98,0.04,0.0,0.16,1.17,2005-11-05,"Activision, Rebellion Developments",3.3,131.0,131.0,Adventure,1400.0,5.0,276.0,152.0
Sonic Rush Adventure,DS,2007,Platform,Sega,0.54,0.49,0.01,0.12,1.17,2007-09-14,"Nintendo, Sonic Team",3.5,278.0,278.0,Platform,1900.0,22.0,389.0,208.0
Mega Man 3,NES,1990,Platform,Capcom,0.68,0.1,0.39,0.0,1.17,1990-09-28,Capcom,3.4,599.0,599.0,"Adventure, Platform",3800.0,25.0,470.0,140.0
Mirror's Edge,X360,2008,Platform,Electronic Arts,0.51,0.51,0.01,0.13,1.17,2008-11-11,"Electronic Arts, EA Digital Illusions CE",3.5,788.0,788.0,"Adventure, Platform, Shooter",12000.0,117.0,2100.0,813.0
Mario vs. Donkey Kong,GBA,2004,Puzzle,Nintendo,0.68,0.25,0.21,0.02,1.17,2004-05-24,"Nintendo, Nintendo Software Technology",3.3,171.0,171.0,"Platform, Puzzle",1500.0,16.0,252.0,92.0
Fallout: New Vegas,PC,2010,Role-Playing,Bethesda Softworks,0.58,0.45,0.0,0.14,1.16,2010-10-19,"Obsidian Entertainment, Bandai Namco Entertainment",4.3,2000.0,2000.0,"RPG, Shooter",16000.0,756.0,5000.0,1400.0
Fallout: New Vegas,PC,2010,Role-Playing,Bethesda Softworks,0.58,0.45,0.0,0.14,1.16,2010-10-19,"Obsidian Entertainment, Bandai Namco Entertainment",4.3,2000.0,2000.0,"RPG, Shooter",16000.0,756.0,5000.0,1400.0
Fallout: New Vegas,PC,2010,Role-Playing,Bethesda Softworks,0.58,0.45,0.0,0.14,1.16,2010-10-19,"Obsidian Entertainment, Bandai Namco Entertainment",4.3,2000.0,2000.0,"RPG, Shooter",16000.0,756.0,5000.0,1400.0
Mega Man X,SNES,1993,Platform,Capcom,0.57,0.08,0.5,0.01,1.16,1993-12-17,"Rozner Labs Software Group, Nintendo",4.1,1200.0,1200.0,"Adventure, Platform, Shooter",6900.0,76.0,1100.0,385.0
Mega Man X,SNES,1993,Platform,Capcom,0.57,0.08,0.5,0.01,1.16,1993-12-17,"Rozner Labs Software Group, Nintendo",4.1,1200.0,1200.0,"Adventure, Platform, Shooter",6900.0,76.0,1100.0,385.0
Shadow of the Colossus,PS2,2005,Action,Sony Computer Entertainment,0.78,0.03,0.2,0.13,1.14,2005-10-18,"Sony Computer Entertainment, Inc. (SCEI), Team Ico",4.4,1500.0,1500.0,"Adventure, Platform, Puzzle",10000.0,134.0,2900.0,1700.0
Shadow of the Colossus,PS2,2005,Action,Sony Computer Entertainment,0.78,0.03,0.2,0.13,1.14,2018-02-06,"Sony Interactive Entertainment, Bluepoint Games",4.1,1100.0,1100.0,"Adventure, Platform, Puzzle",7800.0,242.0,3200.0,1600.0
Shadow of the Colossus,PS2,2005,Action,Sony Computer Entertainment,0.78,0.03,0.2,0.13,1.14,2005-10-18,"Sony Computer Entertainment, Inc. (SCEI), Team Ico",4.4,1500.0,1500.0,"Adventure, Platform, Puzzle",10000.0,134.0,2900.0,1700.0
Shadow of the Colossus,PS2,2005,Action,Sony Computer Entertainment,0.78,0.03,0.2,0.13,1.14,2018-02-06,"Sony Interactive Entertainment, Bluepoint Games",4.1,1100.0,1100.0,"Adventure, Platform, Puzzle",7800.0,242.0,3200.0,1600.0
Shadow of the Colossus,PS2,2005,Action,Sony Computer Entertainment,0.78,0.03,0.2,0.13,1.14,2005-10-18,"Sony Computer Entertainment, Inc. (SCEI), Team Ico",4.4,1500.0,1500.0,"Adventure, Platform, Puzzle",10000.0,134.0,2900.0,1700.0
Mirror's Edge,PS3,2008,Platform,Electronic Arts,0.31,0.59,0.02,0.22,1.14,2008-11-11,"Electronic Arts, EA Digital Illusions CE",3.5,788.0,788.0,"Adventure, Platform, Shooter",12000.0,117.0,2100.0,813.0
Guitar Hero 5,X360,2009,Misc,Activision,0.65,0.37,0.0,0.11,1.14,2009-09-01,"Activision, Neversoft Entertainment",3.2,63.0,63.0,Music,1100.0,0.0,65.0,22.0
Guitar Hero 5,PS2,2009,Misc,Activision,0.28,0.3,0.0,0.54,1.12,2009-09-01,"Activision, Neversoft Entertainment",3.2,63.0,63.0,Music,1100.0,0.0,65.0,22.0
Sunset Overdrive,XOne,2014,Shooter,Microsoft Game Studios,0.62,0.4,0.0,0.08,1.11,2014-10-28,"Insomniac Games, Microsoft Studios",3.5,445.0,445.0,"Adventure, Platform, Shooter",3600.0,92.0,1200.0,459.0
Pikmin 3,WiiU,2013,Strategy,Nintendo,0.45,0.31,0.29,0.06,1.11,2013-07-13,"Nintendo EAD Software Development Group No.4, Nintendo",4.0,388.0,388.0,"Adventure, Real Time Strategy",2700.0,39.0,797.0,385.0
Pikmin 3,WiiU,2013,Strategy,Nintendo,0.45,0.31,0.29,0.06,1.11,2013-07-13,"Nintendo EAD Software Development Group No.4, Nintendo",4.0,388.0,388.0,"Adventure, Real Time Strategy",2700.0,39.0,797.0,385.0
Guitar Hero 5,PS3,2009,Misc,Activision,0.53,0.4,0.0,0.17,1.1,2009-09-01,"Activision, Neversoft Entertainment",3.2,63.0,63.0,Music,1100.0,0.0,65.0,22.0
F-Zero X,N64,1998,Racing,Nintendo,0.45,0.33,0.29,0.03,1.1,1998-07-14,"Nintendo EAD, Nintendo",3.9,354.0,354.0,"Arcade, Racing",1700.0,15.0,387.0,172.0
Tales of Symphonia,GC,2003,Role-Playing,Nintendo,0.54,0.21,0.31,0.04,1.1,2003-08-29,"Namco, Namco Tales Studio",3.9,512.0,512.0,RPG,2800.0,132.0,1800.0,572.0
Lightning Returns: Final Fantasy XIII,PS3,2013,Role-Playing,Square Enix,0.31,0.22,0.45,0.12,1.1,2013-11-21,Square Enix,3.1,362.0,362.0,RPG,1500.0,44.0,1300.0,426.0
Star Wars: The Force Unleashed,PSP,2008,Action,LucasArts,0.43,0.41,0.0,0.25,1.09,2008-09-16,"THQ Wireless, Aspyr Media",3.2,417.0,417.0,"Adventure, Brawler, RPG",7400.0,50.0,823.0,350.0
The Simpsons Game,PSP,2007,Action,Electronic Arts,0.24,0.55,0.0,0.31,1.09,2007-10-30,"Griptonite Games, Electronic Arts",3.0,200.0,200.0,Platform,3800.0,20.0,283.0,156.0
Yakuza 2,PS2,2006,Adventure,Sega,0.05,0.04,0.84,0.16,1.09,2006-12-07,Sega,4.0,331.0,331.0,"Adventure, Brawler, RPG, Simulator, Sport",1000.0,28.0,491.0,255.0
The Godfather,PS2,2006,Action,Electronic Arts,0.89,0.03,0.01,0.15,1.09,2006-03-21,"Electronic Arts, EA Redwood Shores",3.6,121.0,121.0,"Adventure, Racing, Shooter",1100.0,2.0,196.0,136.0
Dante's Inferno,PS3,2010,Action,Electronic Arts,0.64,0.28,0.04,0.13,1.09,2010-02-04,"Electronic Arts, Visceral Games",3.2,321.0,321.0,"Adventure, Brawler",2600.0,40.0,567.0,334.0
Prince of Persia,PS3,2008,Action,Ubisoft,0.47,0.41,0.03,0.18,1.08,2008-12-02,"Ubisoft Entertainment, Ubisoft Montreal",3.0,201.0,201.0,"Adventure, Platform, Puzzle",2500.0,23.0,535.0,206.0
Grand Theft Auto V,PC,2015,Action,Take-Two Interactive,0.36,0.64,0.0,0.08,1.08,2013-09-17,"Rockstar North, Rockstar Games",3.8,2100.0,2100.0,"Adventure, Shooter",30000.0,829.0,3200.0,664.0
Grand Theft Auto V,PC,2015,Action,Take-Two Interactive,0.36,0.64,0.0,0.08,1.08,2013-09-17,"Rockstar North, Rockstar Games",3.8,2100.0,2100.0,"Adventure, Shooter",30000.0,829.0,3200.0,664.0
Grand Theft Auto V,PC,2015,Action,Take-Two Interactive,0.36,0.64,0.0,0.08,1.08,2013-09-17,"Rockstar North, Rockstar Games",3.8,2100.0,2100.0,"Adventure, Shooter",30000.0,829.0,3200.0,664.0
Call of Duty 3,PS2,2006,Shooter,Activision,0.89,0.03,0.0,0.15,1.07,2006-11-07,"Activision, Treyarch",2.8,231.0,231.0,Shooter,2900.0,8.0,239.0,122.0
Bully: Scholarship Edition,X360,2008,Action,Take-Two Interactive,0.53,0.4,0.03,0.11,1.07,2008-02-04,"Rockstar Games, Rockstar Toronto",4.0,330.0,330.0,Adventure,3900.0,92.0,1000.0,457.0
Worms Armageddon,PS,1999,Strategy,Microprose,0.18,0.81,0.0,0.08,1.06,1999-01-29,"Team17, Infogrames Europe",3.8,180.0,180.0,"Platform, Shooter, Strategy",2100.0,15.0,150.0,57.0
Naruto Shippuden: Ultimate Ninja Storm 4,PS4,2016,Fighting,Namco Bandai Games,0.39,0.41,0.1,0.16,1.06,2016-02-04,"Bandai Namco Entertainment, CyberConnect2",3.5,264.0,264.0,"Adventure, Fighting",4800.0,45.0,366.0,134.0
The Simpsons: Road Rage,XB,2001,Racing,Electronic Arts,0.78,0.26,0.0,0.01,1.05,2001-11-19,"Electronic Arts, Fox Interactive",2.9,103.0,103.0,Racing,1700.0,6.0,146.0,61.0
Sonic the Hedgehog,X360,2006,Platform,Sega,0.44,0.49,0.0,0.11,1.05,1991-06-23,"Sonic Team, Sega",3.1,1100.0,1100.0,Platform,12000.0,60.0,804.0,243.0
Sonic the Hedgehog,X360,2006,Platform,Sega,0.44,0.49,0.0,0.11,1.05,1991-06-23,"Sonic Team, Sega",3.1,1100.0,1100.0,Platform,12000.0,60.0,804.0,243.0
Sonic the Hedgehog,X360,2006,Platform,Sega,0.44,0.49,0.0,0.11,1.05,1991-06-23,"Sonic Team, Sega",3.1,1100.0,1100.0,Platform,12000.0,60.0,804.0,243.0
The Simpsons Game,X360,2007,Action,Electronic Arts,0.54,0.4,0.0,0.11,1.05,2007-10-30,"Griptonite Games, Electronic Arts",3.0,200.0,200.0,Platform,3800.0,20.0,283.0,156.0
Legacy of Kain: Soul Reaver,PS,2009,Action,Eidos Interactive,0.58,0.4,0.0,0.07,1.04,1999-08-16,"Eidos Interactive, Crystal Dynamics",3.7,260.0,260.0,Adventure,1300.0,22.0,833.0,328.0
Dragon Ball Z: Budokai Tenkaichi 3,Wii,2007,Fighting,Atari,0.33,0.37,0.26,0.09,1.04,2007-10-04,"Namco Bandai Games, Spike",3.9,435.0,435.0,Fighting,6600.0,32.0,278.0,135.0
LEGO Marvel Super Heroes,XOne,2013,Action,Warner Bros. Interactive Entertainment,0.61,0.34,0.0,0.09,1.04,2013-09-30,"WB Games, ""Travellers Tales""",3.6,522.0,522.0,"Adventure, Brawler, Puzzle",6000.0,65.0,592.0,126.0
LEGO Marvel Super Heroes,XOne,2013,Action,Warner Bros. Interactive Entertainment,0.61,0.34,0.0,0.09,1.04,2013-09-30,"WB Games, ""Travellers Tales""",3.6,522.0,522.0,"Adventure, Brawler, Puzzle",6000.0,65.0,592.0,126.0
Sonic Unleashed,PS3,2008,Platform,Sega,0.56,0.33,0.01,0.14,1.03,2008-11-20,"Sega, Sonic Team",3.3,728.0,728.0,"Adventure, Brawler, Platform",6500.0,118.0,995.0,476.0
Rayman Origins,PS3,2011,Platform,Ubisoft,0.33,0.51,0.01,0.18,1.03,2011-11-15,"Ubisoft Montpellier, Ubisoft Entertainment",3.8,547.0,547.0,"Adventure, Platform",6200.0,85.0,1200.0,417.0
The Simpsons Game,Wii,2007,Action,Electronic Arts,0.45,0.47,0.0,0.11,1.03,2007-10-30,"Griptonite Games, Electronic Arts",3.0,200.0,200.0,Platform,3800.0,20.0,283.0,156.0
Tomb Raider,PC,1996,Action,Eidos Interactive,0.96,0.07,0.0,0.0,1.03,2013-03-04,"Square Enix, Crystal Dynamics",3.5,896.0,896.0,"Adventure, Platform, Puzzle, Shooter",15000.0,175.0,2700.0,508.0
Tomb Raider,PC,1996,Action,Eidos Interactive,0.96,0.07,0.0,0.0,1.03,2013-03-04,"Square Enix, Crystal Dynamics",3.5,896.0,896.0,"Adventure, Platform, Puzzle, Shooter",15000.0,175.0,2700.0,508.0
Tomb Raider,PC,1996,Action,Eidos Interactive,0.96,0.07,0.0,0.0,1.03,2013-03-04,"Square Enix, Crystal Dynamics",3.5,896.0,896.0,"Adventure, Platform, Puzzle, Shooter",15000.0,175.0,2700.0,508.0
Tomb Raider,PC,1996,Action,Eidos Interactive,0.96,0.07,0.0,0.0,1.03,1996-10-25,"Eidos Interactive, Core Design",3.3,395.0,395.0,"Adventure, Platform, Puzzle, Shooter",2700.0,45.0,773.0,263.0
Rock Band 2,Wii,2008,Misc,MTV Games,0.94,0.01,0.0,0.08,1.03,2008-09-14,"MTV Games, Harmonix Music Systems",4.0,180.0,180.0,Music,2000.0,10.0,56.0,29.0
Bulletstorm,X360,2011,Shooter,Electronic Arts,0.61,0.32,0.01,0.08,1.02,2011-02-22,"People Can Fly, Electronic Arts",3.2,159.0,159.0,Shooter,2300.0,6.0,299.0,125.0
Bayonetta 2,WiiU,2014,Action,Nintendo,0.34,0.28,0.1,0.3,1.01,2014-09-20,"PlatinumGames, Nintendo",4.1,1100.0,1100.0,Brawler,6000.0,154.0,3300.0,2000.0
Prince of Persia,X360,2008,Action,Ubisoft,0.54,0.35,0.02,0.1,1.01,2008-12-02,"Ubisoft Entertainment, Ubisoft Montreal",3.0,201.0,201.0,"Adventure, Platform, Puzzle",2500.0,23.0,535.0,206.0
Sonic Generations,3DS,2011,Platform,Sega,0.44,0.46,0.01,0.09,1.01,2011-11-01,"Sonic Team, Sega",3.8,1100.0,1100.0,"Adventure, Platform",9900.0,133.0,1700.0,480.0
The LEGO Movie Videogame,PS3,2014,Action,Warner Bros. Interactive Entertainment,0.33,0.48,0.02,0.18,1.01,2014-02-04,"WB Games, TT Fusion",2.8,184.0,184.0,"Adventure, Puzzle",1700.0,11.0,239.0,73.0
Rayman Legends,PS4,2014,Platform,Ubisoft,0.21,0.61,0.0,0.18,1.01,2013-08-30,"Ubisoft Montpellier, Ubisoft Entertainment",4.0,921.0,921.0,"Adventure, Platform",9800.0,177.0,2300.0,643.0
Dead Space 3,PS3,2013,Action,Electronic Arts,0.44,0.38,0.0,0.17,1.0,2013-02-05,"Visceral Games, Electronic Arts",2.6,309.0,309.0,"Adventure, Shooter",3200.0,48.0,1000.0,388.0
Dark Souls,X360,2011,Role-Playing,Namco Bandai Games,0.64,0.28,0.0,0.08,1.0,2011-09-22,"FromSoftware, Bandai Namco Entertainment",4.3,2100.0,2100.0,"Adventure, RPG",14000.0,447.0,2500.0,1400.0
Dark Souls,X360,2011,Role-Playing,Namco Bandai Games,0.64,0.28,0.0,0.08,1.0,2011-09-22,"FromSoftware, Bandai Namco Entertainment",4.3,2100.0,2100.0,"Adventure, RPG",14000.0,447.0,2500.0,1400.0
Dark Souls,X360,2011,Role-Playing,Namco Bandai Games,0.64,0.28,0.0,0.08,1.0,2011-09-22,"FromSoftware, Bandai Namco Entertainment",4.3,2100.0,2100.0,"Adventure, RPG",14000.0,447.0,2500.0,1400.0
Dead Space 3,X360,2013,Action,Electronic Arts,0.64,0.28,0.0,0.08,0.99,2013-02-05,"Visceral Games, Electronic Arts",2.6,309.0,309.0,"Adventure, Shooter",3200.0,48.0,1000.0,388.0
Phoenix Wright: Ace Attorney,DS,2005,Adventure,Capcom,0.49,0.07,0.39,0.05,0.99,2005-09-15,"Nintendo Australia, Capcom",4.1,1300.0,1300.0,"Adventure, Point-and-Click, Puzzle, Visual Novel",12000.0,418.0,1900.0,1000.0
Phoenix Wright: Ace Attorney,DS,2005,Adventure,Capcom,0.49,0.07,0.39,0.05,0.99,2005-09-15,"Nintendo Australia, Capcom",4.1,1300.0,1300.0,"Adventure, Point-and-Click, Puzzle, Visual Novel",12000.0,418.0,1900.0,1000.0
Phoenix Wright: Ace Attorney,DS,2005,Adventure,Capcom,0.49,0.07,0.39,0.05,0.99,2005-09-15,"Nintendo Australia, Capcom",4.1,1300.0,1300.0,"Adventure, Point-and-Click, Puzzle, Visual Novel",12000.0,418.0,1900.0,1000.0
Fallout 3,PC,2008,Role-Playing,Bethesda Softworks,0.02,0.88,0.0,0.08,0.99,2008-10-28,"ZeniMax Media, Bethesda Game Studios",3.4,894.0,894.0,"RPG, Shooter",12000.0,162.0,2000.0,589.0
Far Cry 3,PC,2012,Shooter,Ubisoft,0.21,0.62,0.0,0.14,0.98,2012-11-28,"Ubisoft Entertainment, Ubisoft Montreal",3.7,983.0,983.0,"Adventure, Shooter",14000.0,188.0,1900.0,660.0
Xenoblade Chronicles,Wii,2010,Role-Playing,Nintendo,0.49,0.26,0.16,0.08,0.98,2010-06-10,"Nintendo, Monolith Soft",4.2,828.0,828.0,"Adventure, RPG",3900.0,142.0,1300.0,732.0
Far Cry 4,X360,2014,Shooter,Ubisoft,0.45,0.44,0.0,0.08,0.98,2014-11-18,Ubisoft Montreal,3.2,558.0,558.0,"Adventure, Shooter, Tactical",8500.0,90.0,1300.0,442.0
Far Cry 4,X360,2014,Shooter,Ubisoft,0.45,0.44,0.0,0.08,0.98,2014-11-18,Ubisoft Montreal,3.2,558.0,558.0,"Adventure, Shooter, Tactical",8500.0,90.0,1300.0,442.0
Grand Theft Auto: San Andreas,PC,2005,Action,Take-Two Interactive,0.0,0.92,0.0,0.05,0.98,2004-10-26,"Rockstar Games, Rockstar North",4.1,1500.0,1500.0,"Adventure, Racing, Shooter",19000.0,270.0,2400.0,742.0
Mass Effect 3,PC,2012,Role-Playing,Electronic Arts,0.4,0.44,0.0,0.13,0.97,2012-03-06,"BioWare Edmonton, Electronic Arts",3.7,777.0,777.0,"Adventure, RPG, Shooter",7300.0,79.0,1500.0,482.0
Yakuza 4,PS3,2009,Action,Sega,0.15,0.14,0.63,0.05,0.97,2010-03-08,Sega,3.8,295.0,295.0,"Adventure, Brawler, RPG, Simulator, Sport",1400.0,38.0,596.0,255.0
PlayStation All-Stars Battle Royale,PS3,2012,Action,Sony Computer Entertainment,0.5,0.28,0.04,0.14,0.96,2012-11-20,"SCE Santa Monica Studio, Sony Computer Entertainment",2.4,208.0,208.0,"Fighting, Platform",2600.0,3.0,132.0,78.0
Sonic Unleashed,X360,2008,Platform,Sega,0.54,0.33,0.0,0.09,0.96,2008-11-20,"Sega, Sonic Team",3.3,728.0,728.0,"Adventure, Brawler, Platform",6500.0,118.0,995.0,476.0
The Witcher 2: Assassins of Kings,PC,2011,Action,Namco Bandai Games,0.25,0.56,0.0,0.15,0.96,2011-05-17,"Atari, CD Projekt RED",3.6,181.0,181.0,"Adventure, RPG",1600.0,21.0,605.0,169.0
Assassin's Creed III,PC,2012,Action,Ubisoft,0.28,0.53,0.0,0.13,0.94,2012-10-30,"Ubisoft Entertainment, Ubisoft Montreal",3.0,707.0,707.0,"Adventure, Strategy",12000.0,72.0,1200.0,390.0
The Witcher 2: Assassins of Kings,X360,2012,Action,Namco Bandai Games,0.48,0.36,0.02,0.08,0.94,2011-05-17,"Atari, CD Projekt RED",3.6,181.0,181.0,"Adventure, RPG",1600.0,21.0,605.0,169.0
Bayonetta,X360,2009,Action,Sega,0.51,0.26,0.09,0.08,0.94,2009-10-29,"Nex Entertainment, Sega",3.9,1700.0,1700.0,"Brawler, Shooter",13000.0,614.0,5000.0,2300.0
Bayonetta,X360,2009,Action,Sega,0.51,0.26,0.09,0.08,0.94,2009-10-29,"Nex Entertainment, Sega",3.9,1700.0,1700.0,"Brawler, Shooter",13000.0,614.0,5000.0,2300.0
Bayonetta,X360,2009,Action,Sega,0.51,0.26,0.09,0.08,0.94,2009-10-29,"Nex Entertainment, Sega",3.9,1700.0,1700.0,"Brawler, Shooter",13000.0,614.0,5000.0,2300.0
Destroy All Humans!,PS2,2005,Shooter,THQ,0.78,0.03,0.0,0.13,0.94,2005-06-21,"THQ, Pandemic Studios",3.2,160.0,160.0,Adventure,2200.0,16.0,414.0,188.0
The Legend of Zelda: Twilight Princess HD,WiiU,2016,Action,Nintendo,0.48,0.3,0.08,0.08,0.94,2016-03-04,"Nintendo, Nintendo EPD",4.2,447.0,447.0,"Adventure, Platform, Puzzle",2500.0,91.0,956.0,503.0
Bully,PS2,2006,Action,Take-Two Interactive,0.75,0.03,0.04,0.12,0.94,2006-10-17,"Rockstar Vancouver, Take-Two Interactive",3.9,635.0,635.0,Adventure,6700.0,80.0,1300.0,768.0
Prince of Persia: The Sands of Time,XB,2003,Action,Ubisoft,0.57,0.33,0.0,0.04,0.94,2003-11-06,"Ubisoft Entertainment, Ubisoft Montreal",3.6,480.0,480.0,"Adventure, Platform",5500.0,37.0,1100.0,421.0
Borderlands 2,PC,2012,Shooter,Take-Two Interactive,0.42,0.41,0.0,0.11,0.93,2012-09-18,"Gearbox Software, 2K Games",3.5,1100.0,1100.0,"RPG, Shooter",16000.0,344.0,2700.0,494.0
Borderlands 2,PC,2012,Shooter,Take-Two Interactive,0.42,0.41,0.0,0.11,0.93,2012-09-18,"Gearbox Software, 2K Games",3.5,1100.0,1100.0,"RPG, Shooter",16000.0,344.0,2700.0,494.0
Toy Story 2: Buzz Lightyear to the Rescue!,N64,1999,Platform,Activision,0.71,0.2,0.0,0.01,0.93,1999-11-22,"Activision, ""Travellers Tales""",3.4,245.0,245.0,"Adventure, Platform",2300.0,26.0,262.0,117.0
Dante's Inferno,X360,2010,Action,Electronic Arts,0.63,0.2,0.02,0.07,0.92,2010-02-04,"Electronic Arts, Visceral Games",3.2,321.0,321.0,"Adventure, Brawler",2600.0,40.0,567.0,334.0
Assassin's Creed,PC,2008,Adventure,Ubisoft,0.01,0.83,0.0,0.08,0.92,2007-11-13,"Ubisoft Montreal, Ubisoft Entertainment",2.9,801.0,801.0,"Adventure, Platform",13000.0,118.0,1200.0,496.0
Assassin's Creed,PC,2008,Adventure,Ubisoft,0.01,0.83,0.0,0.08,0.92,2007-11-13,"Ubisoft Montreal, Ubisoft Entertainment",2.9,801.0,801.0,"Adventure, Platform",13000.0,118.0,1200.0,496.0
Assassin's Creed,PC,2008,Adventure,Ubisoft,0.01,0.83,0.0,0.08,0.92,2007-11-13,"Ubisoft Montreal, Ubisoft Entertainment",2.9,801.0,801.0,"Adventure, Platform",13000.0,118.0,1200.0,496.0
The Evil Within,PS3,2014,Action,Bethesda Softworks,0.26,0.39,0.12,0.14,0.92,2014-10-14,"Tango Gameworks, Bethesda Softworks",3.4,629.0,629.0,"Adventure, Shooter",4800.0,140.0,1800.0,822.0
The Simpsons Game,PS3,2007,Action,Electronic Arts,0.38,0.37,0.0,0.15,0.91,2007-10-30,"Griptonite Games, Electronic Arts",3.0,200.0,200.0,Platform,3800.0,20.0,283.0,156.0
Star Wars: The Force Unleashed,DS,2008,Action,LucasArts,0.51,0.29,0.0,0.09,0.9,2008-09-16,"THQ Wireless, Aspyr Media",3.2,417.0,417.0,"Adventure, Brawler, RPG",7400.0,50.0,823.0,350.0
Castlevania: Circle of the Moon,GBA,2001,Platform,Konami Digital Entertainment,0.6,0.22,0.05,0.02,0.89,2001-03-21,Konami,3.0,362.0,362.0,"Adventure, Platform, RPG",2100.0,62.0,742.0,272.0
Fire Emblem: The Sacred Stones,GBA,2004,Strategy,Nintendo,0.42,0.16,0.3,0.02,0.89,2004-10-07,"Nintendo, Intelligent Systems Co., Ltd.",3.7,503.0,503.0,"RPG, Strategy, Tactical, Turn Based Strategy",3700.0,124.0,1200.0,395.0
LEGO Marvel Super Heroes,3DS,2013,Action,Warner Bros. Interactive Entertainment,0.42,0.36,0.04,0.07,0.89,2013-09-30,"WB Games, ""Travellers Tales""",3.6,522.0,522.0,"Adventure, Brawler, Puzzle",6000.0,65.0,592.0,126.0
LEGO Marvel Super Heroes,3DS,2013,Action,Warner Bros. Interactive Entertainment,0.42,0.36,0.04,0.07,0.89,2013-09-30,"WB Games, ""Travellers Tales""",3.6,522.0,522.0,"Adventure, Brawler, Puzzle",6000.0,65.0,592.0,126.0
Call of Duty: Modern Warfare 2,PC,2009,Shooter,Activision,0.01,0.79,0.0,0.09,0.89,2009-11-10,"Infinity Ward, Activision",3.8,1000.0,1000.0,Shooter,14000.0,34.0,666.0,276.0
Kingdoms of Amalur: Reckoning,X360,2012,Role-Playing,Electronic Arts,0.55,0.25,0.01,0.07,0.89,2012-02-07,"38 Studios, Electronic Arts",3.2,99.0,99.0,"Brawler, RPG",1200.0,22.0,365.0,106.0
Call of Duty: Modern Warfare 3,Wii,2011,Shooter,Activision,0.6,0.21,0.0,0.08,0.89,2011-11-08,"Sledgehammer Games, Activision",3.2,587.0,587.0,"Adventure, Shooter, Tactical",10000.0,27.0,492.0,195.0
Grand Theft Auto IV,PC,2008,Action,Take-Two Interactive,0.01,0.79,0.0,0.08,0.88,2008-04-29,"Rockstar North, Rockstar Games",3.8,1100.0,1100.0,"Adventure, Racing, Shooter",14000.0,258.0,1900.0,721.0
Resident Evil: Revelations,3DS,2012,Action,Capcom,0.3,0.22,0.3,0.05,0.88,2012-01-26,"Tose, Capcom",3.2,469.0,469.0,"Adventure, Shooter",2900.0,55.0,939.0,297.0
Just Cause 3,XOne,2015,Action,Square Enix,0.42,0.38,0.0,0.07,0.88,2015-11-30,"Avalanche Studios, Square Enix",3.1,269.0,269.0,Adventure,4900.0,93.0,1000.0,155.0
Tekken Tag Tournament 2,PS3,2012,Fighting,Namco Bandai Games,0.28,0.33,0.13,0.14,0.88,2011-09-14,Bandai Namco Entertainment,3.8,211.0,211.0,Fighting,1700.0,7.0,140.0,95.0
Kingdoms of Amalur: Reckoning,PS3,2012,Role-Playing,Electronic Arts,0.37,0.3,0.09,0.11,0.87,2012-02-07,"38 Studios, Electronic Arts",3.2,99.0,99.0,"Brawler, RPG",1200.0,22.0,365.0,106.0
Injustice: Gods Among Us,PS4,2013,Fighting,Warner Bros. Interactive Entertainment,0.46,0.29,0.0,0.12,0.87,2013-04-16,"NetherRealm Studios, WB Games",3.0,364.0,364.0,"Adventure, Fighting",7100.0,17.0,502.0,112.0
Vagrant Story,PS,2000,Role-Playing,Crave Entertainment,0.3,0.2,0.3,0.06,0.87,2000-02-10,"Square, (Archive) Square Product Development Division 4",4.0,503.0,503.0,"Adventure, RPG",1000.0,59.0,1600.0,889.0
Vagrant Story,PS,2000,Role-Playing,Crave Entertainment,0.3,0.2,0.3,0.06,0.87,2000-02-10,"Square, (Archive) Square Product Development Division 4",4.0,503.0,503.0,"Adventure, RPG",1000.0,59.0,1600.0,889.0
Castlevania III: Dracula's Curse,NES,1989,Platform,Konami Digital Entertainment,0.4,0.07,0.37,0.01,0.85,1990-09-01,"Konami, Palcom",3.6,501.0,501.0,"Adventure, Platform",2400.0,36.0,606.0,217.0
Overwatch,XOne,2016,Shooter,Activision,0.52,0.25,0.0,0.08,0.85,2016-05-24,"Blizzard Entertainment, Square Enix",3.2,957.0,957.0,"Shooter, Strategy",19000.0,436.0,411.0,214.0
Kirby: Planet Robobot,3DS,2016,Action,Nintendo,0.26,0.1,0.44,0.04,0.85,2016-04-28,"HAL Laboratory, Nintendo",4.2,669.0,669.0,"Adventure, Platform",3600.0,82.0,1000.0,644.0
Devil May Cry HD Collection,PS3,2012,Action,Capcom,0.42,0.21,0.11,0.1,0.84,2012-03-22,"Capcom, Capcom Production Studio 4",3.9,230.0,230.0,"Brawler, Platform",2200.0,152.0,1100.0,371.0
Metroid: Zero Mission,GBA,2004,Adventure,Nintendo,0.6,0.22,0.0,0.01,0.84,2004-02-09,"Nintendo R&D1, Nintendo",4.0,1200.0,1200.0,"Adventure, Platform, Shooter",7500.0,148.0,1500.0,700.0
Borderlands 2,PSV,2014,Shooter,Take-Two Interactive,0.43,0.21,0.01,0.19,0.83,2012-09-18,"Gearbox Software, 2K Games",3.5,1100.0,1100.0,"RPG, Shooter",16000.0,344.0,2700.0,494.0
Borderlands 2,PSV,2014,Shooter,Take-Two Interactive,0.43,0.21,0.01,0.19,0.83,2012-09-18,"Gearbox Software, 2K Games",3.5,1100.0,1100.0,"RPG, Shooter",16000.0,344.0,2700.0,494.0
Mega Man Legends,PS,1997,Adventure,Capcom,0.39,0.26,0.12,0.05,0.83,1997-12-18,"Capcom USA, Capcom Production Studio 2",3.7,361.0,361.0,"Adventure, RPG, Shooter",1400.0,51.0,851.0,364.0
Street Fighter V,PS4,2016,Fighting,Capcom,0.35,0.26,0.08,0.13,0.82,2016-02-15,Capcom,3.0,377.0,377.0,"Arcade, Fighting",5000.0,109.0,482.0,166.0
DmC: Devil May Cry,PS3,2013,Action,Capcom,0.24,0.28,0.19,0.12,0.82,2013-01-15,"Ninja Theory, Capcom",3.0,432.0,432.0,"Adventure, Brawler",6300.0,62.0,1200.0,448.0
DmC: Devil May Cry,PS3,2013,Action,Capcom,0.24,0.28,0.19,0.12,0.82,2013-01-15,"Ninja Theory, Capcom",3.0,432.0,432.0,"Adventure, Brawler",6300.0,62.0,1200.0,448.0
Mega Man,NES,1987,Platform,Capcom,0.45,0.08,0.27,0.01,0.81,1987-12-17,Capcom,2.8,639.0,639.0,"Adventure, Platform",5400.0,26.0,452.0,152.0
EarthBound,SNES,1994,Role-Playing,Nintendo,0.0,0.0,0.81,0.0,0.81,1994-08-27,"Nintendo, Creatures Inc.",4.2,1900.0,1900.0,"Adventure, RPG, Turn Based Strategy",9000.0,600.0,4800.0,1800.0
MadWorld,Wii,2009,Action,Sega,0.46,0.25,0.02,0.07,0.8,2009-03-10,"Spike, PlatinumGames",3.5,283.0,283.0,Brawler,1100.0,19.0,683.0,441.0
Prince of Persia: Warrior Within,XB,2004,Action,Ubisoft,0.48,0.28,0.0,0.04,0.8,2004-11-30,"Ubisoft Montreal, Ubisoft Entertainment",3.5,237.0,237.0,"Adventure, Fighting, Platform",2800.0,20.0,551.0,220.0
Dragon's Dogma,X360,2012,Role-Playing,Capcom,0.42,0.24,0.07,0.06,0.8,2012-05-22,Capcom,3.7,210.0,210.0,"Brawler, RPG",1100.0,45.0,487.0,206.0
Resident Evil: Revelations,PS3,2013,Action,Capcom,0.14,0.32,0.22,0.12,0.8,2012-01-26,"Tose, Capcom",3.2,469.0,469.0,"Adventure, Shooter",2900.0,55.0,939.0,297.0
Star Wars: The Force Unleashed II,Wii,2010,Action,LucasArts,0.54,0.19,0.0,0.06,0.8,2010-10-26,LucasArts,2.8,242.0,242.0,"Adventure, Brawler, RPG",4100.0,18.0,597.0,268.0
The Walking Dead: Season One,PS3,2012,Adventure,Avanquest Software,0.4,0.25,0.03,0.11,0.79,2012-04-24,"Telltale Games, Sony Computer Entertainment",4.0,1200.0,1200.0,"Adventure, Point-and-Click",12000.0,111.0,1100.0,467.0
Rayman Origins,X360,2011,Platform,Ubisoft,0.38,0.34,0.0,0.08,0.79,2011-11-15,"Ubisoft Montpellier, Ubisoft Entertainment",3.8,547.0,547.0,"Adventure, Platform",6200.0,85.0,1200.0,417.0
Armored Core 2,PS2,2000,Simulation,Ubisoft,0.28,0.22,0.23,0.07,0.79,2000-10-26,"FromSoftware, Agetec",3.6,92.0,92.0,"Adventure, RPG",278.0,18.0,232.0,119.0
Doom,PS,1994,Shooter,Infogrames,0.43,0.3,0.0,0.05,0.78,2016-05-12,"id Software, Bethesda Softworks",4.0,1800.0,1800.0,Shooter,18000.0,541.0,4000.0,1400.0
Doom,PS,1994,Shooter,Infogrames,0.43,0.3,0.0,0.05,0.78,1993-12-10,"Activision, id Software",4.0,1400.0,1400.0,Shooter,11000.0,203.0,1500.0,514.0
Doom,PS,1994,Shooter,Infogrames,0.43,0.3,0.0,0.05,0.78,2016-05-12,"id Software, Bethesda Softworks",4.0,1800.0,1800.0,Shooter,18000.0,541.0,4000.0,1400.0
Doom,PS,1994,Shooter,Infogrames,0.43,0.3,0.0,0.05,0.78,1993-12-10,"Activision, id Software",4.0,1400.0,1400.0,Shooter,11000.0,203.0,1500.0,514.0
Doom,PS,1994,Shooter,Infogrames,0.43,0.3,0.0,0.05,0.78,2016-05-12,"id Software, Bethesda Softworks",4.0,1800.0,1800.0,Shooter,18000.0,541.0,4000.0,1400.0
Doom,PS,1994,Shooter,Infogrames,0.43,0.3,0.0,0.05,0.78,1993-12-10,"Activision, id Software",4.0,1400.0,1400.0,Shooter,11000.0,203.0,1500.0,514.0
Doom,PS,1994,Shooter,Infogrames,0.43,0.3,0.0,0.05,0.78,2017-11-10,"Bethesda Softworks, id Software",3.9,80.0,80.0,Shooter,2300.0,37.0,393.0,150.0
Marvel vs. Capcom: Clash of Super Heroes,PS,1999,Fighting,Capcom,0.43,0.3,0.0,0.05,0.78,1998-01-12,"Virgin Interactive Entertainment (Europe) Ltd., Capcom",3.7,269.0,269.0,Fighting,2000.0,8.0,143.0,100.0
Conker's Bad Fur Day,N64,2001,Platform,THQ,0.53,0.22,0.0,0.02,0.77,2001-03-05,"Rare, THQ",3.6,426.0,426.0,"Adventure, Platform, Shooter",2700.0,39.0,907.0,503.0
LEGO Batman 2: DC Super Heroes,DS,2012,Action,Warner Bros. Interactive Entertainment,0.43,0.27,0.0,0.06,0.77,2012-06-19,"Feral Interactive, ""Travellers Tales""",3.5,446.0,446.0,"Adventure, Brawler, Platform",4600.0,41.0,821.0,132.0
Sonic Unleashed,PS2,2008,Platform,Sega,0.37,0.04,0.0,0.36,0.76,2008-11-20,"Sega, Sonic Team",3.3,728.0,728.0,"Adventure, Brawler, Platform",6500.0,118.0,995.0,476.0
Mortal Kombat,PSV,2012,Fighting,Warner Bros. Interactive Entertainment,0.47,0.18,0.0,0.12,0.76,2011-04-19,"NetherRealm Studios, WB Games",3.6,468.0,468.0,Fighting,6600.0,19.0,289.0,120.0
Portal 2,PC,2011,Shooter,Valve Software,0.33,0.32,0.0,0.11,0.76,2011-04-18,"Valve, Electronic Arts",4.4,2900.0,2900.0,"Adventure, Platform, Puzzle, Shooter",29000.0,471.0,3900.0,1200.0
Portal 2,PC,2011,Shooter,Valve Software,0.33,0.32,0.0,0.11,0.76,2011-04-18,"Valve, Electronic Arts",4.4,2900.0,2900.0,"Adventure, Platform, Puzzle, Shooter",29000.0,471.0,3900.0,1200.0
Portal 2,PC,2011,Shooter,Valve Software,0.33,0.32,0.0,0.11,0.76,2011-04-18,"Valve, Electronic Arts",4.4,2900.0,2900.0,"Adventure, Platform, Puzzle, Shooter",29000.0,471.0,3900.0,1200.0
Dark Souls II,X360,2014,Role-Playing,Namco Bandai Games,0.48,0.2,0.01,0.06,0.76,2014-03-11,"FromSoftware, Bandai Namco Entertainment",3.3,815.0,815.0,"Adventure, RPG",6700.0,128.0,1400.0,834.0
Dark Souls II,X360,2014,Role-Playing,Namco Bandai Games,0.48,0.2,0.01,0.06,0.76,2014-03-11,"FromSoftware, Bandai Namco Entertainment",3.3,815.0,815.0,"Adventure, RPG",6700.0,128.0,1400.0,834.0
Mega Man X5,PS,2000,Platform,Capcom,0.3,0.21,0.2,0.05,0.75,2000-11-30,"Capcom Production Studio 3, Capcom",3.2,334.0,334.0,"Adventure, Platform, Shooter",2200.0,11.0,450.0,126.0
Tales of Vesperia,X360,2008,Role-Playing,Atari,0.32,0.18,0.19,0.05,0.75,2008-08-07,"Namco Tales Studio, Bandai Namco Entertainment",3.9,196.0,196.0,RPG,1100.0,57.0,490.0,199.0
Borderlands: The Pre-Sequel,X360,2014,Shooter,Take-Two Interactive,0.46,0.22,0.01,0.06,0.75,2014-10-14,"Take-Two Interactive, Gearbox Software",2.9,375.0,375.0,"RPG, Shooter",5300.0,100.0,1900.0,238.0
The Walking Dead: Season One,X360,2012,Adventure,Avanquest Software,0.55,0.14,0.0,0.05,0.75,2012-04-24,"Telltale Games, Sony Computer Entertainment",4.0,1200.0,1200.0,"Adventure, Point-and-Click",12000.0,111.0,1100.0,467.0
Final Fantasy XIII-2,X360,2011,Role-Playing,Square Enix,0.36,0.3,0.02,0.06,0.74,2011-12-15,Square Enix,3.3,482.0,482.0,"Adventure, RPG",2300.0,58.0,1400.0,449.0
Final Fantasy XIII-2,X360,2011,Role-Playing,Square Enix,0.36,0.3,0.02,0.06,0.74,2011-12-15,Square Enix,3.3,482.0,482.0,"Adventure, RPG",2300.0,58.0,1400.0,449.0
LEGO Batman 2: DC Super Heroes,3DS,2012,Action,Warner Bros. Interactive Entertainment,0.41,0.27,0.0,0.06,0.74,2012-06-19,"Feral Interactive, ""Travellers Tales""",3.5,446.0,446.0,"Adventure, Brawler, Platform",4600.0,41.0,821.0,132.0
LEGO Marvel Super Heroes,WiiU,2013,Action,Warner Bros. Interactive Entertainment,0.31,0.35,0.02,0.06,0.74,2013-09-30,"WB Games, ""Travellers Tales""",3.6,522.0,522.0,"Adventure, Brawler, Puzzle",6000.0,65.0,592.0,126.0
LEGO Marvel Super Heroes,WiiU,2013,Action,Warner Bros. Interactive Entertainment,0.31,0.35,0.02,0.06,0.74,2013-09-30,"WB Games, ""Travellers Tales""",3.6,522.0,522.0,"Adventure, Brawler, Puzzle",6000.0,65.0,592.0,126.0
Crysis 2,PC,2011,Action,Electronic Arts,0.16,0.45,0.0,0.13,0.74,2011-03-22,"Crytek Frankfurt, Electronic Arts",3.1,180.0,180.0,"Adventure, Shooter",2900.0,10.0,411.0,155.0
The Lord of the Rings: The Two Towers,GBA,2002,Action,Electronic Arts,0.53,0.2,0.0,0.01,0.74,2002-10-21,"Electronic Arts, Hypnos Entertainment",3.3,100.0,100.0,"Adventure, Brawler",1600.0,8.0,172.0,72.0
Call of Duty: Ghosts,PC,2013,Shooter,Activision,0.23,0.41,0.0,0.09,0.73,2013-11-05,"Neversoft Entertainment, Activision",2.4,411.0,411.0,Shooter,6500.0,9.0,353.0,150.0
Katamari Damacy,PS2,2004,Puzzle,Namco Bandai Games,0.47,0.02,0.17,0.08,0.73,2004-03-18,"Namco, NOW Production",4.2,939.0,939.0,"Adventure, Puzzle",4100.0,60.0,1000.0,761.0
Katamari Damacy,PS2,2004,Puzzle,Namco Bandai Games,0.47,0.02,0.17,0.08,0.73,2004-03-18,"Namco, NOW Production",4.2,939.0,939.0,"Adventure, Puzzle",4100.0,60.0,1000.0,761.0
Ultimate Spider-Man,PS2,2005,Action,Activision,0.6,0.02,0.0,0.1,0.72,2005-09-21,"Activision, Beenox",3.6,300.0,300.0,Brawler,3700.0,25.0,382.0,280.0
Terraria,X360,2013,Action,505 Games,0.35,0.31,0.0,0.06,0.72,2011-05-16,"Re-Logic, Headup Games",4.0,1300.0,1300.0,"Adventure, Indie, Platform, RPG, Strategy",18000.0,673.0,2200.0,593.0
Crysis,PC,2007,Shooter,Electronic Arts,0.0,0.69,0.0,0.03,0.72,2007-11-13,"Crytek Frankfurt, Electronic Arts",3.2,224.0,224.0,"Adventure, Shooter",3000.0,26.0,561.0,241.0
Crysis,PC,2007,Shooter,Electronic Arts,0.0,0.69,0.0,0.03,0.72,2007-11-13,"Crytek Frankfurt, Electronic Arts",3.2,224.0,224.0,"Adventure, Shooter",3000.0,26.0,561.0,241.0
Battlefield: Bad Company 2,PC,2010,Shooter,Electronic Arts,0.19,0.53,0.0,0.0,0.71,2010-03-02,"EA Digital Illusions CE, Electronic Arts",3.6,288.0,288.0,"Adventure, Shooter, Simulator, Strategy",4200.0,23.0,349.0,119.0
The Lord of the Rings: The Two Towers,XB,2002,Action,Electronic Arts,0.45,0.24,0.0,0.03,0.71,2002-10-21,"Electronic Arts, Hypnos Entertainment",3.3,100.0,100.0,"Adventure, Brawler",1600.0,8.0,172.0,72.0
Silent Hill 3,PS2,2003,Action,Konami Digital Entertainment,0.35,0.27,0.0,0.09,0.71,2003-05-23,"Konami, Team Silent",4.2,1100.0,1100.0,"Adventure, Puzzle",4900.0,156.0,2000.0,1400.0
Final Fantasy X/X-2 HD Remaster,PS4,2015,Role-Playing,Square Enix,0.29,0.25,0.06,0.11,0.71,2013-12-26,"Virtuos, Square Enix",4.1,368.0,368.0,"RPG, Strategy",3200.0,281.0,2300.0,677.0
LEGO Harry Potter: Years 1-4,PSP,2010,Action,Warner Bros. Interactive Entertainment,0.14,0.37,0.0,0.19,0.71,2010-06-25,"WB Games, ""Travellers Tales""",3.2,349.0,349.0,"Adventure, Platform, Puzzle",4100.0,53.0,449.0,113.0
Metal Gear Solid V: The Phantom Pain,XOne,2015,Action,Konami Digital Entertainment,0.37,0.26,0.01,0.06,0.71,2015-09-01,"Konami, Kojima Productions",3.8,1500.0,1500.0,"Adventure, Shooter, Tactical",14000.0,503.0,4500.0,1200.0
Advance Wars,GBA,2001,Strategy,Nintendo,0.5,0.19,0.0,0.01,0.7,2001-09-10,"Nintendo, Intelligent Systems Co., Ltd.",3.7,266.0,266.0,"Simulator, Strategy, Tactical, Turn Based Strategy",1900.0,52.0,640.0,266.0
Metal Gear Solid V: The Phantom Pain,PS3,2015,Action,Konami Digital Entertainment,0.21,0.18,0.22,0.08,0.7,2015-09-01,"Konami, Kojima Productions",3.8,1500.0,1500.0,"Adventure, Shooter, Tactical",14000.0,503.0,4500.0,1200.0
The LEGO Movie Videogame,3DS,2014,Action,Warner Bros. Interactive Entertainment,0.28,0.31,0.05,0.05,0.69,2014-02-04,"WB Games, TT Fusion",2.8,184.0,184.0,"Adventure, Puzzle",1700.0,11.0,239.0,73.0
Rayman Legends,WiiU,2013,Platform,Ubisoft,0.26,0.33,0.03,0.06,0.68,2013-08-30,"Ubisoft Montpellier, Ubisoft Entertainment",4.0,921.0,921.0,"Adventure, Platform",9800.0,177.0,2300.0,643.0
Suikoden II,PS,1998,Role-Playing,Konami Digital Entertainment,0.15,0.1,0.38,0.04,0.68,1998-12-17,Konami,4.4,433.0,433.0,"RPG, Strategy",1100.0,42.0,1300.0,653.0
Mass Effect,PC,2008,Role-Playing,Electronic Arts,0.0,0.59,0.0,0.09,0.68,2007-11-20,"BioWare, Microsoft Game Studios",3.8,1000.0,1000.0,"RPG, Shooter",10000.0,172.0,2000.0,774.0
Lollipop Chainsaw,PS3,2012,Action,Warner Bros. Interactive Entertainment,0.26,0.21,0.11,0.09,0.67,2012-06-12,"Grasshopper Manufacture, WB Games",3.4,295.0,295.0,Brawler,1600.0,32.0,717.0,695.0
Wolfenstein: The New Order,XOne,2014,Shooter,Bethesda Softworks,0.33,0.28,0.0,0.06,0.67,2014-05-20,"MachineGames, Bethesda Softworks",3.6,794.0,794.0,"Adventure, Shooter",8400.0,149.0,2200.0,722.0
Wolfenstein: The New Order,XOne,2014,Shooter,Bethesda Softworks,0.33,0.28,0.0,0.06,0.67,2014-05-20,"MachineGames, Bethesda Softworks",3.6,794.0,794.0,"Adventure, Shooter",8400.0,149.0,2200.0,722.0
Armored Core 3,PS2,2002,Simulation,Metro 3D,0.22,0.17,0.23,0.06,0.67,2002-04-01,"Agetec, FromSoftware",3.7,115.0,115.0,"Shooter, Strategy",297.0,19.0,273.0,142.0
The Witcher 3: Wild Hunt,PC,2015,Role-Playing,Namco Bandai Games,0.2,0.42,0.0,0.05,0.67,2015-05-19,"WB Games, CD Projekt RED",4.3,2000.0,2000.0,"Adventure, RPG",17000.0,1200.0,6100.0,1600.0
The Witcher 3: Wild Hunt,PC,2015,Role-Playing,Namco Bandai Games,0.2,0.42,0.0,0.05,0.67,2015-05-19,"WB Games, CD Projekt RED",4.3,2000.0,2000.0,"Adventure, RPG",17000.0,1200.0,6100.0,1600.0
The Witcher 3: Wild Hunt,PC,2015,Role-Playing,Namco Bandai Games,0.2,0.42,0.0,0.05,0.67,2015-05-19,"WB Games, CD Projekt RED",4.3,2000.0,2000.0,"Adventure, RPG",17000.0,1200.0,6100.0,1600.0
The LEGO Movie Videogame,PS4,2014,Action,Warner Bros. Interactive Entertainment,0.24,0.31,0.01,0.11,0.67,2014-02-04,"WB Games, TT Fusion",2.8,184.0,184.0,"Adventure, Puzzle",1700.0,11.0,239.0,73.0
BioShock Infinite,PC,2013,Shooter,Take-Two Interactive,0.28,0.3,0.0,0.08,0.67,2013-02-26,"Irrational Games, 2K Games",3.5,1500.0,1500.0,"Adventure, Shooter",18000.0,197.0,4100.0,949.0
Phoenix Wright: Ace Attorney - Trials and Tribulations,DS,2007,Adventure,Capcom,0.33,0.05,0.25,0.04,0.67,2006-03-31,Capcom,4.4,995.0,995.0,"Adventure, Visual Novel",6600.0,172.0,1600.0,623.0
Phoenix Wright: Ace Attorney - Trials and Tribulations,DS,2007,Adventure,Capcom,0.33,0.05,0.25,0.04,0.67,2006-03-31,Capcom,4.4,995.0,995.0,"Adventure, Visual Novel",6600.0,172.0,1600.0,623.0
Borderlands: The Pre-Sequel,PS3,2014,Shooter,Take-Two Interactive,0.25,0.26,0.05,0.11,0.67,2014-10-14,"Take-Two Interactive, Gearbox Software",2.9,375.0,375.0,"RPG, Shooter",5300.0,100.0,1900.0,238.0
The LEGO Movie Videogame,WiiU,2014,Action,Warner Bros. Interactive Entertainment,0.35,0.23,0.03,0.06,0.66,2014-02-04,"WB Games, TT Fusion",2.8,184.0,184.0,"Adventure, Puzzle",1700.0,11.0,239.0,73.0
Rayman Legends,PS3,2013,Platform,Ubisoft,0.14,0.38,0.0,0.14,0.66,2013-08-30,"Ubisoft Montpellier, Ubisoft Entertainment",4.0,921.0,921.0,"Adventure, Platform",9800.0,177.0,2300.0,643.0
LEGO Marvel Super Heroes,PSV,2013,Action,Warner Bros. Interactive Entertainment,0.15,0.35,0.0,0.16,0.66,2013-09-30,"WB Games, ""Travellers Tales""",3.6,522.0,522.0,"Adventure, Brawler, Puzzle",6000.0,65.0,592.0,126.0
LEGO Marvel Super Heroes,PSV,2013,Action,Warner Bros. Interactive Entertainment,0.15,0.35,0.0,0.16,0.66,2013-09-30,"WB Games, ""Travellers Tales""",3.6,522.0,522.0,"Adventure, Brawler, Puzzle",6000.0,65.0,592.0,126.0
The Evil Within,XOne,2014,Action,Bethesda Softworks,0.35,0.25,0.0,0.05,0.65,2014-10-14,"Tango Gameworks, Bethesda Softworks",3.4,629.0,629.0,"Adventure, Shooter",4800.0,140.0,1800.0,822.0
Fire Emblem: Shadow Dragon,DS,2008,Role-Playing,Nintendo,0.31,0.03,0.27,0.03,0.65,2008-08-07,"Intelligent Systems Co., Ltd., Nintendo",3.2,361.0,361.0,"RPG, Strategy, Tactical, Turn Based Strategy",1900.0,78.0,808.0,235.0
Crash of the Titans,PSP,2007,Action,Vivendi Games,0.25,0.25,0.0,0.15,0.64,2007-10-04,"Radical Entertainment, Sierra Entertainment",3.0,200.0,200.0,"Adventure, Platform",3800.0,18.0,196.0,122.0
Max Payne 2: The Fall of Max Payne,XB,2003,Shooter,Take-Two Interactive,0.47,0.15,0.0,0.02,0.64,2003-10-14,"Remedy Entertainment, Rockstar Games",4.1,553.0,553.0,Shooter,4100.0,37.0,1100.0,464.0
Castlevania,N64,1999,Platform,Konami Digital Entertainment,0.44,0.1,0.04,0.05,0.64,1986-09-26,"Nintendo, Konami",3.4,845.0,845.0,"Adventure, Platform",5700.0,58.0,869.0,365.0
NieR,PS3,2010,Role-Playing,Square Enix,0.17,0.2,0.2,0.07,0.64,2010-04-22,"Square Enix, Cavia",4.2,743.0,743.0,"Adventure, RPG, Shooter, Simulator, Strategy",2900.0,67.0,999.0,854.0
Super Castlevania IV,SNES,1991,Platform,Konami Digital Entertainment,0.32,0.05,0.25,0.01,0.63,1991-10-31,Konami,3.7,627.0,627.0,"Adventure, Platform",3700.0,45.0,863.0,271.0
Call of Duty: Black Ops,DS,2010,Shooter,Activision,0.54,0.05,0.0,0.04,0.63,2010-11-09,"Activision, Treyarch",3.7,920.0,920.0,Shooter,14000.0,44.0,611.0,318.0
Call of Duty: Black Ops,DS,2010,Shooter,Activision,0.54,0.05,0.0,0.04,0.63,2010-11-09,"Activision, Treyarch",3.7,920.0,920.0,Shooter,14000.0,44.0,611.0,318.0
Far Cry 4,PC,2014,Shooter,Ubisoft,0.15,0.42,0.0,0.05,0.62,2014-11-18,Ubisoft Montreal,3.2,558.0,558.0,"Adventure, Shooter, Tactical",8500.0,90.0,1300.0,442.0
Far Cry 4,PC,2014,Shooter,Ubisoft,0.15,0.42,0.0,0.05,0.62,2014-11-18,Ubisoft Montreal,3.2,558.0,558.0,"Adventure, Shooter, Tactical",8500.0,90.0,1300.0,442.0
Metal Gear Solid V: Ground Zeroes,PS3,2014,Action,Konami Digital Entertainment,0.14,0.14,0.27,0.06,0.62,2014-03-18,"Konami, Kojima Productions",3.3,650.0,650.0,"Adventure, RPG, Shooter, Strategy",9500.0,53.0,1700.0,549.0
Metal Gear Solid V: Ground Zeroes,PS3,2014,Action,Konami Digital Entertainment,0.14,0.14,0.27,0.06,0.62,2014-03-18,"Konami, Kojima Productions",3.3,650.0,650.0,"Adventure, RPG, Shooter, Strategy",9500.0,53.0,1700.0,549.0
Half-Life 2,XB,2005,Shooter,Electronic Arts,0.37,0.21,0.0,0.03,0.61,2004-11-16,"Sierra Entertainment, Valve",4.2,1700.0,1700.0,Shooter,15000.0,257.0,3500.0,1000.0
Alice: Madness Returns,PS3,2011,Adventure,Electronic Arts,0.22,0.25,0.04,0.09,0.6,2011-06-14,"Electronic Arts, Spicy Horse Games",3.5,358.0,358.0,"Adventure, Brawler, Platform",2800.0,113.0,1200.0,636.0
Suikoden,PS,1995,Role-Playing,Konami Digital Entertainment,0.21,0.14,0.21,0.04,0.6,1995-12-15,"Konami Computer Entertainment Tokyo, Konami",3.6,270.0,270.0,RPG,933.0,32.0,776.0,360.0
Half-Life,PS2,2001,Shooter,Vivendi Games,0.29,0.23,0.0,0.08,0.6,1998-11-19,"Sierra Entertainment, Valve",4.0,1300.0,1300.0,"Adventure, Puzzle, Shooter",13000.0,322.0,2900.0,892.0
Dead Space,PC,2008,Action,Electronic Arts,0.0,0.53,0.0,0.06,0.59,2023-01-27,"Motive Studios, Electronic Arts",4.3,501.0,501.0,"Adventure, RPG, Shooter",1300.0,248.0,985.0,1900.0
Dead Space,PC,2008,Action,Electronic Arts,0.0,0.53,0.0,0.06,0.59,2008-10-14,"EA Redwood Shores, Electronic Arts",4.0,1200.0,1200.0,Shooter,9600.0,302.0,2700.0,1100.0
Dead Space,PC,2008,Action,Electronic Arts,0.0,0.53,0.0,0.06,0.59,2023-01-27,"Motive Studios, Electronic Arts",4.3,501.0,501.0,"Adventure, RPG, Shooter",1300.0,248.0,985.0,1900.0
Dead Space,PC,2008,Action,Electronic Arts,0.0,0.53,0.0,0.06,0.59,2008-10-14,"EA Redwood Shores, Electronic Arts",4.0,1200.0,1200.0,Shooter,9600.0,302.0,2700.0,1100.0
Dead Space,PC,2008,Action,Electronic Arts,0.0,0.53,0.0,0.06,0.59,2023-01-27,"Motive Studios, Electronic Arts",4.3,501.0,501.0,"Adventure, RPG, Shooter",1300.0,248.0,985.0,1900.0
Rayman Origins,PSV,2012,Platform,Ubisoft,0.13,0.35,0.0,0.11,0.59,2011-11-15,"Ubisoft Montpellier, Ubisoft Entertainment",3.8,547.0,547.0,"Adventure, Platform",6200.0,85.0,1200.0,417.0
Rock Band 2,PS2,2008,Misc,MTV Games,0.29,0.23,0.0,0.08,0.59,2008-09-14,"MTV Games, Harmonix Music Systems",4.0,180.0,180.0,Music,2000.0,10.0,56.0,29.0
Tales of Zestiria,PS3,2015,Role-Playing,Namco Bandai Games,0.05,0.09,0.42,0.03,0.59,2015-01-22,"Bandai Namco Entertainment, tri-Crescendo",2.7,273.0,273.0,RPG,1700.0,76.0,1000.0,264.0
Dark Souls II,PS4,2015,Role-Playing,Namco Bandai Games,0.2,0.22,0.08,0.08,0.59,2014-03-11,"FromSoftware, Bandai Namco Entertainment",3.3,815.0,815.0,"Adventure, RPG",6700.0,128.0,1400.0,834.0
Dark Souls II,PS4,2015,Role-Playing,Namco Bandai Games,0.2,0.22,0.08,0.08,0.59,2014-03-11,"FromSoftware, Bandai Namco Entertainment",3.3,815.0,815.0,"Adventure, RPG",6700.0,128.0,1400.0,834.0
Deus Ex: Human Revolution,PC,2011,Shooter,Square Enix,0.25,0.25,0.0,0.09,0.59,2011-08-23,"Square Enix, Eidos Montréal",3.8,559.0,559.0,"RPG, Shooter",5800.0,65.0,1700.0,488.0
Mega Man X7,PS2,2003,Action,Capcom,0.22,0.17,0.14,0.06,0.58,2003-07-17,"Capcom Production Studio 3, Capcom",1.4,231.0,231.0,"Adventure, Platform",1300.0,6.0,385.0,113.0
Rayman Origins,Wii,2011,Platform,Ubisoft,0.23,0.29,0.0,0.07,0.58,2011-11-15,"Ubisoft Montpellier, Ubisoft Entertainment",3.8,547.0,547.0,"Adventure, Platform",6200.0,85.0,1200.0,417.0
Parasite Eve II,PS,1999,Role-Playing,SquareSoft,0.32,0.22,0.0,0.04,0.58,1999-12-16,"Square, Square Soft",3.4,229.0,229.0,RPG,763.0,16.0,657.0,344.0
Shin Megami Tensei IV,3DS,2013,Role-Playing,Atlus,0.28,0.0,0.27,0.02,0.57,2013-05-23,"Atlus, Nintendo",4.1,949.0,949.0,RPG,4300.0,397.0,2500.0,1100.0
No More Heroes,Wii,2007,Action,Rising Star Games,0.3,0.17,0.04,0.05,0.57,2007-12-06,Grasshopper Manufacture,4.0,1200.0,1200.0,"Adventure, Brawler",5600.0,280.0,2600.0,1800.0
No More Heroes,Wii,2007,Action,Rising Star Games,0.3,0.17,0.04,0.05,0.57,2007-12-06,Grasshopper Manufacture,4.0,1200.0,1200.0,"Adventure, Brawler",5600.0,280.0,2600.0,1800.0
Assassin's Creed II,PC,2010,Action,Ubisoft,0.01,0.45,0.0,0.11,0.57,2009-11-17,"Ubisoft Montreal, Ubisoft Entertainment",3.8,1300.0,1300.0,"Adventure, Platform",16000.0,140.0,1500.0,521.0
Assassin's Creed II,PC,2010,Action,Ubisoft,0.01,0.45,0.0,0.11,0.57,2009-11-17,"Ubisoft Montreal, Ubisoft Entertainment",3.8,1300.0,1300.0,"Adventure, Platform",16000.0,140.0,1500.0,521.0
Hotel Dusk: Room 215,DS,2007,Adventure,Nintendo,0.27,0.05,0.22,0.03,0.56,2007-01-22,"Nintendo, Cing",4.0,439.0,439.0,"Adventure, Point-and-Click, Puzzle, Visual Novel",1600.0,87.0,1300.0,838.0
Resident Evil 2,N64,1999,Action,Virgin Interactive,0.39,0.09,0.07,0.01,0.56,2019-01-25,"Capcom, Capcom Development Division 1",4.3,2500.0,2500.0,"Adventure, Shooter",15000.0,585.0,3600.0,1900.0
Resident Evil 2,N64,1999,Action,Virgin Interactive,0.39,0.09,0.07,0.01,0.56,2019-01-25,"Capcom, Capcom Development Division 1",4.3,2500.0,2500.0,"Adventure, Shooter",15000.0,585.0,3600.0,1900.0
Resident Evil 2,N64,1999,Action,Virgin Interactive,0.39,0.09,0.07,0.01,0.56,1998-01-21,"Capcom, Factor 5",4.2,1100.0,1100.0,"Adventure, Shooter",5500.0,54.0,1100.0,597.0
Resident Evil 2,N64,1999,Action,Virgin Interactive,0.39,0.09,0.07,0.01,0.56,2019-01-25,"Capcom, Capcom Development Division 1",4.3,2500.0,2500.0,"Adventure, Shooter",15000.0,585.0,3600.0,1900.0
Resident Evil 2,N64,1999,Action,Virgin Interactive,0.39,0.09,0.07,0.01,0.56,1998-01-21,"Capcom, Factor 5",4.2,1100.0,1100.0,"Adventure, Shooter",5500.0,54.0,1100.0,597.0
Xenoblade Chronicles,3DS,2015,Role-Playing,Nintendo,0.26,0.14,0.12,0.04,0.56,2010-06-10,"Nintendo, Monolith Soft",4.2,828.0,828.0,"Adventure, RPG",3900.0,142.0,1300.0,732.0
Metal Gear Solid 3: Subsistence,PS2,2005,Action,Konami Digital Entertainment,0.34,0.01,0.15,0.06,0.55,2005-12-22,"Konami Computer Entertainment Japan, Konami",4.6,641.0,641.0,"Adventure, Shooter, Tactical",3700.0,50.0,949.0,639.0
F.E.A.R.,PS3,2007,Shooter,Vivendi Games,0.18,0.27,0.0,0.1,0.55,2005-10-17,"Monolith Productions, Vivendi Universal",3.8,564.0,564.0,Shooter,3600.0,65.0,1000.0,505.0
Mortal Kombat 3,PS,1995,Fighting,Sony Computer Entertainment,0.29,0.2,0.02,0.04,0.55,1995-04-15,Midway Games,3.1,162.0,162.0,Fighting,1700.0,4.0,85.0,41.0
Metro 2033,X360,2010,Shooter,THQ,0.22,0.24,0.03,0.05,0.55,2010-03-16,"4A Games, THQ",3.5,328.0,328.0,"RPG, Shooter",3700.0,49.0,1100.0,224.0
Tales of Symphonia,PS3,2013,Role-Playing,Namco Bandai Games,0.21,0.13,0.13,0.06,0.54,2003-08-29,"Namco, Namco Tales Studio",3.9,512.0,512.0,RPG,2800.0,132.0,1800.0,572.0
Fire Emblem: Path of Radiance,GC,2005,Action,Nintendo,0.29,0.08,0.16,0.01,0.54,2005-04-20,"Intelligent Systems Co., Ltd., Nintendo",4.2,703.0,703.0,"RPG, Strategy, Tactical, Turn Based Strategy",2900.0,155.0,1500.0,716.0
Batman: Arkham City,PC,2011,Action,Warner Bros. Interactive Entertainment,0.16,0.28,0.0,0.09,0.53,2011-10-18,"DC Entertainment, Rocksteady Studios",4.1,1600.0,1600.0,"Adventure, Brawler",16000.0,192.0,2700.0,651.0
Batman: Arkham City,PC,2011,Action,Warner Bros. Interactive Entertainment,0.16,0.28,0.0,0.09,0.53,2011-10-18,"DC Entertainment, Rocksteady Studios",4.1,1600.0,1600.0,"Adventure, Brawler",16000.0,192.0,2700.0,651.0
Batman: Arkham City,PC,2011,Action,Warner Bros. Interactive Entertainment,0.16,0.28,0.0,0.09,0.53,2011-10-18,"DC Entertainment, Rocksteady Studios",4.1,1600.0,1600.0,"Adventure, Brawler",16000.0,192.0,2700.0,651.0
Bulletstorm,PS3,2011,Shooter,Electronic Arts,0.23,0.2,0.01,0.08,0.53,2011-02-22,"People Can Fly, Electronic Arts",3.2,159.0,159.0,Shooter,2300.0,6.0,299.0,125.0
The Lord of the Rings: The Two Towers,GC,2002,Action,Electronic Arts,0.41,0.11,0.0,0.01,0.53,2002-10-21,"Electronic Arts, Hypnos Entertainment",3.3,100.0,100.0,"Adventure, Brawler",1600.0,8.0,172.0,72.0
The Warriors,PS2,2005,Action,Take-Two Interactive,0.44,0.02,0.0,0.07,0.53,2005-10-17,"Rockstar Toronto, Rockstar Games",3.9,182.0,182.0,"Brawler, Fighting",927.0,10.0,274.0,191.0
We Love Katamari,PS2,2005,Puzzle,Electronic Arts,0.26,0.2,0.0,0.07,0.52,2005-07-06,"NOW Production, Namco",4.3,429.0,429.0,"Adventure, Puzzle",1400.0,38.0,520.0,410.0
Bully: Scholarship Edition,Wii,2008,Action,Take-Two Interactive,0.17,0.29,0.0,0.06,0.52,2008-02-04,"Rockstar Games, Rockstar Toronto",4.0,330.0,330.0,Adventure,3900.0,92.0,1000.0,457.0
PlayStation All-Stars Battle Royale,PSV,2012,Action,Sony Computer Entertainment,0.26,0.15,0.01,0.1,0.52,2012-11-20,"SCE Santa Monica Studio, Sony Computer Entertainment",2.4,208.0,208.0,"Fighting, Platform",2600.0,3.0,132.0,78.0
Gun,XB,2005,Shooter,Activision,0.38,0.12,0.0,0.02,0.52,2005-11-05,"Activision, Rebellion Developments",3.3,131.0,131.0,Adventure,1400.0,5.0,276.0,152.0
Dragon Age: Origins,PC,2009,Role-Playing,Electronic Arts,0.0,0.46,0.0,0.06,0.51,2009-11-03,"Electronic Arts, BioWare",4.0,712.0,712.0,RPG,6100.0,148.0,1700.0,534.0
Dragon Age: Origins,PC,2009,Role-Playing,Electronic Arts,0.0,0.46,0.0,0.06,0.51,2009-11-03,"Electronic Arts, BioWare",4.0,712.0,712.0,RPG,6100.0,148.0,1700.0,534.0
The LEGO Movie Videogame,XOne,2014,Action,Warner Bros. Interactive Entertainment,0.34,0.13,0.0,0.04,0.51,2014-02-04,"WB Games, TT Fusion",2.8,184.0,184.0,"Adventure, Puzzle",1700.0,11.0,239.0,73.0
Fire Emblem: Radiant Dawn,Wii,2007,Strategy,Nintendo,0.28,0.03,0.17,0.03,0.51,2007-02-22,"Nintendo, Nintendo SPD Group No. 2",4.0,459.0,459.0,"RPG, Strategy, Tactical",1800.0,69.0,1100.0,497.0
Dishonored,PC,2012,Action,Bethesda Softworks,0.26,0.19,0.0,0.06,0.51,2012-10-09,"Arkane Studios, Bethesda Softworks",3.9,1100.0,1100.0,"Adventure, RPG",14000.0,268.0,3100.0,866.0
Dishonored,PC,2012,Action,Bethesda Softworks,0.26,0.19,0.0,0.06,0.51,2012-10-09,"Arkane Studios, Bethesda Softworks",3.9,1100.0,1100.0,"Adventure, RPG",14000.0,268.0,3100.0,866.0
Dishonored,PC,2012,Action,Bethesda Softworks,0.26,0.19,0.0,0.06,0.51,2012-10-09,"Arkane Studios, Bethesda Softworks",3.9,1100.0,1100.0,"Adventure, RPG",14000.0,268.0,3100.0,866.0
Wolfenstein: The New Order,PS3,2014,Shooter,Bethesda Softworks,0.14,0.25,0.02,0.09,0.51,2014-05-20,"MachineGames, Bethesda Softworks",3.6,794.0,794.0,"Adventure, Shooter",8400.0,149.0,2200.0,722.0
Wolfenstein: The New Order,PS3,2014,Shooter,Bethesda Softworks,0.14,0.25,0.02,0.09,0.51,2014-05-20,"MachineGames, Bethesda Softworks",3.6,794.0,794.0,"Adventure, Shooter",8400.0,149.0,2200.0,722.0
Alice: Madness Returns,X360,2011,Adventure,Electronic Arts,0.27,0.15,0.04,0.04,0.5,2011-06-14,"Electronic Arts, Spicy Horse Games",3.5,358.0,358.0,"Adventure, Brawler, Platform",2800.0,113.0,1200.0,636.0
Hitman: Blood Money,PS2,2006,Action,Eidos Interactive,0.25,0.19,0.0,0.06,0.5,2006-05-26,"IO Interactive, Eidos Interactive",4.0,414.0,414.0,Shooter,3200.0,37.0,859.0,238.0
FIFA 14,PSV,2013,Sports,Electronic Arts,0.11,0.25,0.01,0.13,0.5,2013-09-24,"EA Sports, EA Canada",3.2,92.0,92.0,Sport,2200.0,8.0,52.0,13.0
Metal Gear Rising: Revengeance,X360,2013,Action,Konami Digital Entertainment,0.29,0.16,0.0,0.04,0.5,2013-02-19,"Konami, PlatinumGames",4.1,2100.0,2100.0,"Adventure, Brawler, Shooter, Strategy",14000.0,492.0,4200.0,2000.0
Metal Gear Rising: Revengeance,X360,2013,Action,Konami Digital Entertainment,0.29,0.16,0.0,0.04,0.5,2013-02-19,"Konami, PlatinumGames",4.1,2100.0,2100.0,"Adventure, Brawler, Shooter, Strategy",14000.0,492.0,4200.0,2000.0
Metal Gear Rising: Revengeance,X360,2013,Action,Konami Digital Entertainment,0.29,0.16,0.0,0.04,0.5,2013-02-19,"Konami, PlatinumGames",4.1,2100.0,2100.0,"Adventure, Brawler, Shooter, Strategy",14000.0,492.0,4200.0,2000.0
The Evil Within,X360,2014,Action,Bethesda Softworks,0.25,0.2,0.01,0.04,0.5,2014-10-14,"Tango Gameworks, Bethesda Softworks",3.4,629.0,629.0,"Adventure, Shooter",4800.0,140.0,1800.0,822.0
Lollipop Chainsaw,X360,2012,Action,Warner Bros. Interactive Entertainment,0.31,0.13,0.02,0.04,0.49,2012-06-12,"Grasshopper Manufacture, WB Games",3.4,295.0,295.0,Brawler,1600.0,32.0,717.0,695.0
Sonic Lost World,3DS,2013,Platform,Sega,0.24,0.15,0.07,0.03,0.49,2013-10-18,"Nintendo, Sonic Team",2.5,395.0,395.0,"Adventure, Platform",2500.0,34.0,498.0,214.0
Terraria,PS3,2013,Action,505 Games,0.07,0.26,0.09,0.07,0.49,2011-05-16,"Re-Logic, Headup Games",4.0,1300.0,1300.0,"Adventure, Indie, Platform, RPG, Strategy",18000.0,673.0,2200.0,593.0
LEGO Marvel Super Heroes,DS,2013,Action,Warner Bros. Interactive Entertainment,0.28,0.17,0.0,0.04,0.49,2013-09-30,"WB Games, ""Travellers Tales""",3.6,522.0,522.0,"Adventure, Brawler, Puzzle",6000.0,65.0,592.0,126.0
LEGO Marvel Super Heroes,DS,2013,Action,Warner Bros. Interactive Entertainment,0.28,0.17,0.0,0.04,0.49,2013-09-30,"WB Games, ""Travellers Tales""",3.6,522.0,522.0,"Adventure, Brawler, Puzzle",6000.0,65.0,592.0,126.0
Crazy Taxi,GC,2001,Racing,Acclaim Entertainment,0.36,0.09,0.02,0.01,0.49,1999-02-12,"Sega, Hitmaker",3.6,425.0,425.0,"Arcade, Racing",4800.0,19.0,556.0,227.0
Crash of the Titans,DS,2007,Action,Vivendi Games,0.42,0.02,0.0,0.04,0.49,2007-10-04,"Radical Entertainment, Sierra Entertainment",3.0,200.0,200.0,"Adventure, Platform",3800.0,18.0,196.0,122.0
Need for Speed: Hot Pursuit,Wii,2010,Racing,Electronic Arts,0.18,0.24,0.0,0.05,0.48,2010-11-16,"Criterion Games, Electronic Arts",3.3,148.0,148.0,Racing,2000.0,23.0,182.0,54.0
Sonic the Hedgehog,PS3,2009,Platform,Electronic Arts,0.0,0.48,0.0,0.0,0.48,1991-06-23,"Sonic Team, Sega",3.1,1100.0,1100.0,Platform,12000.0,60.0,804.0,243.0
Sonic the Hedgehog,PS3,2009,Platform,Electronic Arts,0.0,0.48,0.0,0.0,0.48,1991-06-23,"Sonic Team, Sega",3.1,1100.0,1100.0,Platform,12000.0,60.0,804.0,243.0
Sonic the Hedgehog,PS3,2009,Platform,Electronic Arts,0.0,0.48,0.0,0.0,0.48,1991-06-23,"Sonic Team, Sega",3.1,1100.0,1100.0,Platform,12000.0,60.0,804.0,243.0
Metal Gear Solid: The Twin Snakes,GC,2004,Action,Konami Digital Entertainment,0.3,0.08,0.07,0.01,0.47,2004-03-09,"Konami, Silicon Knights",3.6,267.0,267.0,Adventure,1900.0,31.0,619.0,364.0
Destroy All Humans!,XB,2005,Shooter,THQ,0.34,0.11,0.0,0.02,0.46,2005-06-21,"THQ, Pandemic Studios",3.2,160.0,160.0,Adventure,2200.0,16.0,414.0,188.0
Crash of the Titans,Wii,2007,Action,Vivendi Games,0.4,0.03,0.0,0.04,0.46,2007-10-04,"Radical Entertainment, Sierra Entertainment",3.0,200.0,200.0,"Adventure, Platform",3800.0,18.0,196.0,122.0
Wolfenstein: The New Order,PC,2014,Shooter,Bethesda Softworks,0.12,0.29,0.0,0.05,0.46,2014-05-20,"MachineGames, Bethesda Softworks",3.6,794.0,794.0,"Adventure, Shooter",8400.0,149.0,2200.0,722.0
Wolfenstein: The New Order,PC,2014,Shooter,Bethesda Softworks,0.12,0.29,0.0,0.05,0.46,2014-05-20,"MachineGames, Bethesda Softworks",3.6,794.0,794.0,"Adventure, Shooter",8400.0,149.0,2200.0,722.0
Crash Nitro Kart,GBA,2003,Racing,Vivendi Games,0.33,0.12,0.0,0.01,0.46,2003-11-11,"Vicarious Visions, Universal Interactive Studios",3.1,141.0,141.0,Racing,1700.0,4.0,139.0,52.0
Rayman Legends,X360,2013,Platform,Ubisoft,0.19,0.23,0.0,0.04,0.46,2013-08-30,"Ubisoft Montpellier, Ubisoft Entertainment",4.0,921.0,921.0,"Adventure, Platform",9800.0,177.0,2300.0,643.0
Tales of Vesperia,PS3,2009,Role-Playing,Namco Bandai Games,0.0,0.0,0.45,0.0,0.45,2008-08-07,"Namco Tales Studio, Bandai Namco Entertainment",3.9,196.0,196.0,RPG,1100.0,57.0,490.0,199.0
The Walking Dead: Season One,PS4,2014,Adventure,Telltale Games,0.12,0.25,0.01,0.08,0.45,2012-04-24,"Telltale Games, Sony Computer Entertainment",4.0,1200.0,1200.0,"Adventure, Point-and-Click",12000.0,111.0,1100.0,467.0
Silent Hill: Homecoming,X360,2009,Action,Konami Digital Entertainment,0.25,0.16,0.0,0.04,0.45,2008-09-30,"Double Helix Games, Konami",2.1,206.0,206.0,"Adventure, Fighting",1300.0,18.0,382.0,227.0
DmC: Devil May Cry,X360,2013,Action,Capcom,0.26,0.13,0.01,0.04,0.44,2013-01-15,"Ninja Theory, Capcom",3.0,432.0,432.0,"Adventure, Brawler",6300.0,62.0,1200.0,448.0
DmC: Devil May Cry,X360,2013,Action,Capcom,0.26,0.13,0.01,0.04,0.44,2013-01-15,"Ninja Theory, Capcom",3.0,432.0,432.0,"Adventure, Brawler",6300.0,62.0,1200.0,448.0
Devil May Cry HD Collection,X360,2012,Action,Capcom,0.28,0.11,0.01,0.03,0.44,2012-03-22,"Capcom, Capcom Production Studio 4",3.9,230.0,230.0,"Brawler, Platform",2200.0,152.0,1100.0,371.0
Naruto: Ultimate Ninja 3,PS2,2005,Fighting,Atari,0.36,0.01,0.0,0.06,0.44,2005-12-22,"Bandai, CyberConnect2",3.5,120.0,120.0,Fighting,1900.0,2.0,67.0,32.0
Alpha Protocol,PS3,2010,Role-Playing,Sega,0.19,0.18,0.0,0.07,0.43,2010-05-28,"Obsidian Entertainment, Sega",3.3,170.0,170.0,"RPG, Shooter",987.0,9.0,511.0,182.0
FIFA 14,PC,2013,Sports,Electronic Arts,0.01,0.36,0.0,0.06,0.43,2013-09-24,"EA Sports, EA Canada",3.2,92.0,92.0,Sport,2200.0,8.0,52.0,13.0
Overwatch,PC,2016,Shooter,Activision,0.22,0.18,0.0,0.04,0.43,2016-05-24,"Blizzard Entertainment, Square Enix",3.2,957.0,957.0,"Shooter, Strategy",19000.0,436.0,411.0,214.0
NBA Jam,Wii,2010,Sports,Electronic Arts,0.38,0.03,0.0,0.03,0.43,1993-06-02,Midway,3.6,106.0,106.0,Sport,847.0,0.0,64.0,23.0
Minecraft,WiiU,2016,Misc,Microsoft Game Studios,0.18,0.09,0.14,0.03,0.43,2011-11-18,Mojang Studios,4.3,2300.0,2300.0,"Adventure, Simulator",33000.0,1800.0,1100.0,230.0
Minecraft,WiiU,2016,Misc,Microsoft Game Studios,0.18,0.09,0.14,0.03,0.43,2011-11-18,Mojang Studios,4.3,2300.0,2300.0,"Adventure, Simulator",33000.0,1800.0,1100.0,230.0
Minecraft,WiiU,2016,Misc,Microsoft Game Studios,0.18,0.09,0.14,0.03,0.43,2011-11-18,Mojang Studios,4.3,2300.0,2300.0,"Adventure, Simulator",33000.0,1800.0,1100.0,230.0
Minecraft,WiiU,2016,Misc,Microsoft Game Studios,0.18,0.09,0.14,0.03,0.43,2017-09-20,Mojang Studios,4.2,571.0,571.0,"Adventure, Simulator",11000.0,509.0,412.0,85.0
Mega Man Zero 2,GBA,2003,Platform,Capcom,0.18,0.07,0.17,0.01,0.43,2003-05-02,"Inti Creates, Capcom",3.7,317.0,317.0,"Adventure, Platform, Shooter",1900.0,21.0,529.0,180.0
Max Payne 3,PC,2012,Shooter,Take-Two Interactive,0.15,0.22,0.0,0.06,0.43,2012-05-15,"Rockstar Games, Rockstar Vancouver",3.7,593.0,593.0,Shooter,5600.0,43.0,1000.0,518.0
FIFA 14,Wii,2013,Sports,Electronic Arts,0.0,0.38,0.0,0.05,0.43,2013-09-24,"EA Sports, EA Canada",3.2,92.0,92.0,Sport,2200.0,8.0,52.0,13.0
Call of Duty: Black Ops II,WiiU,2012,Shooter,Activision,0.21,0.18,0.0,0.03,0.43,2012-11-12,"Treyarch, Activision",3.8,903.0,903.0,Shooter,13000.0,57.0,626.0,286.0
Call of Duty: Black Ops II,WiiU,2012,Shooter,Activision,0.21,0.18,0.0,0.03,0.43,2012-11-12,"Treyarch, Activision",3.8,903.0,903.0,Shooter,13000.0,57.0,626.0,286.0
Ghost Trick: Phantom Detective,DS,2010,Adventure,Capcom,0.2,0.08,0.12,0.03,0.42,2010-06-19,Capcom,4.4,830.0,830.0,"Adventure, Puzzle",3600.0,149.0,1800.0,1200.0
Ghost Trick: Phantom Detective,DS,2010,Adventure,Capcom,0.2,0.08,0.12,0.03,0.42,2010-06-19,Capcom,4.4,830.0,830.0,"Adventure, Puzzle",3600.0,149.0,1800.0,1200.0
Condemned: Criminal Origins,X360,2005,Action,Sega,0.36,0.03,0.0,0.03,0.42,2005-11-16,"WB Games, Monolith Productions",3.5,248.0,248.0,"Adventure, Shooter",1300.0,32.0,528.0,270.0
Mega Man X6,PS,2001,Action,Capcom,0.14,0.1,0.16,0.03,0.42,2001-11-29,Capcom,2.3,308.0,308.0,"Adventure, Platform",1900.0,18.0,461.0,119.0
Black,XB,2006,Shooter,Electronic Arts,0.31,0.09,0.0,0.01,0.42,2006-02-24,"Electronic Arts, Criterion Games",3.4,233.0,233.0,Shooter,2100.0,19.0,359.0,196.0
NBA Jam,PS2,2003,Sports,Acclaim Entertainment,0.2,0.16,0.0,0.05,0.41,1993-06-02,Midway,3.6,106.0,106.0,Sport,847.0,0.0,64.0,23.0
Danganronpa: Trigger Happy Havoc,PSV,2013,Misc,Nippon Ichi Software,0.14,0.07,0.15,0.06,0.41,2010-11-25,"NIS America, Spike ChunSoft",3.5,1000.0,1000.0,"Adventure, Point-and-Click, Visual Novel",12000.0,311.0,1900.0,716.0
Quake II,PS,1998,Shooter,Activision,0.23,0.16,0.0,0.03,0.41,1997-12-09,"id Software, Activision",3.4,242.0,242.0,Shooter,1500.0,18.0,469.0,162.0
Crash of the Titans,PS2,2007,Action,Vivendi Games,0.34,0.01,0.0,0.06,0.41,2007-10-04,"Radical Entertainment, Sierra Entertainment",3.0,200.0,200.0,"Adventure, Platform",3800.0,18.0,196.0,122.0
BioShock,PC,2007,Shooter,Take-Two Interactive,0.01,0.39,0.0,0.02,0.41,2007-08-21,"2K Games, 2K Boston",4.0,1800.0,1800.0,"Adventure, RPG, Shooter",17000.0,339.0,4000.0,1200.0
Wolfenstein: The New Order,X360,2014,Shooter,Bethesda Softworks,0.18,0.19,0.0,0.04,0.41,2014-05-20,"MachineGames, Bethesda Softworks",3.6,794.0,794.0,"Adventure, Shooter",8400.0,149.0,2200.0,722.0
Wolfenstein: The New Order,X360,2014,Shooter,Bethesda Softworks,0.18,0.19,0.0,0.04,0.41,2014-05-20,"MachineGames, Bethesda Softworks",3.6,794.0,794.0,"Adventure, Shooter",8400.0,149.0,2200.0,722.0
Castlevania: Order of Ecclesia,DS,2008,Platform,Konami Digital Entertainment,0.31,0.03,0.04,0.03,0.41,2008-10-21,Konami,4.0,483.0,483.0,"Adventure, Brawler, Platform, RPG",2000.0,75.0,963.0,540.0
Superman: The New Superman Adventures,N64,1999,Action,Titus,0.33,0.07,0.0,0.0,0.41,1999-05-31,"Titus Software, WB Games",0.7,69.0,69.0,"Adventure, Shooter",859.0,2.0,76.0,55.0
The LEGO Movie Videogame,PSV,2014,Action,Warner Bros. Interactive Entertainment,0.05,0.26,0.0,0.09,0.41,2014-02-04,"WB Games, TT Fusion",2.8,184.0,184.0,"Adventure, Puzzle",1700.0,11.0,239.0,73.0
Armored Core,PS,1997,Simulation,Sony Computer Entertainment,0.13,0.09,0.16,0.03,0.41,1997-07-10,"FromSoftware, Agetec",3.4,197.0,197.0,"Shooter, Simulator",522.0,38.0,404.0,216.0
Call of Duty: Advanced Warfare,PC,2014,Shooter,Activision,0.14,0.23,0.0,0.04,0.41,2014-11-03,"Activision, Sledgehammer Games",2.5,415.0,415.0,Shooter,5200.0,13.0,308.0,151.0
No More Heroes 2: Desperate Struggle,Wii,2010,Action,Rising Star Games,0.21,0.12,0.04,0.03,0.41,2010-01-26,"Ubisoft Entertainment, Grasshopper Manufacture",3.5,608.0,608.0,"Adventure, Brawler",3200.0,68.0,1500.0,855.0
No More Heroes 2: Desperate Struggle,Wii,2010,Action,Rising Star Games,0.21,0.12,0.04,0.03,0.41,2010-01-26,"Ubisoft Entertainment, Grasshopper Manufacture",3.5,608.0,608.0,"Adventure, Brawler",3200.0,68.0,1500.0,855.0
Asura's Wrath,PS3,2012,Action,Capcom,0.18,0.12,0.06,0.05,0.41,2012-02-21,"Capcom, CyberConnect2",3.7,432.0,432.0,Brawler,2100.0,65.0,980.0,827.0
NBA Jam,X360,2010,Sports,Electronic Arts,0.27,0.1,0.0,0.03,0.4,1993-06-02,Midway,3.6,106.0,106.0,Sport,847.0,0.0,64.0,23.0
Mother 3,GBA,2006,Role-Playing,Nintendo,0.0,0.0,0.39,0.01,0.4,2006-04-20,"HAL Laboratory, Nintendo",4.5,1600.0,1600.0,"RPG, Turn Based Strategy",5700.0,287.0,3600.0,1900.0
Sonic Lost World,WiiU,2013,Platform,Sega,0.24,0.12,0.01,0.03,0.4,2013-10-18,"Nintendo, Sonic Team",2.5,395.0,395.0,"Adventure, Platform",2500.0,34.0,498.0,214.0
Silent Hill: Homecoming,PS3,2009,Action,Konami Digital Entertainment,0.18,0.15,0.0,0.06,0.4,2008-09-30,"Double Helix Games, Konami",2.1,206.0,206.0,"Adventure, Fighting",1300.0,18.0,382.0,227.0
NBA Jam,PS3,2010,Sports,Electronic Arts,0.22,0.12,0.0,0.06,0.4,1993-06-02,Midway,3.6,106.0,106.0,Sport,847.0,0.0,64.0,23.0
Mass Effect 2,PC,2010,Role-Playing,Electronic Arts,0.01,0.32,0.0,0.07,0.4,2010-01-26,"BioWare, Electronic Arts",4.3,1300.0,1300.0,"Adventure, RPG, Shooter",9600.0,107.0,1900.0,645.0
Mass Effect 2,PC,2010,Role-Playing,Electronic Arts,0.01,0.32,0.0,0.07,0.4,2010-01-26,"BioWare, Electronic Arts",4.3,1300.0,1300.0,"Adventure, RPG, Shooter",9600.0,107.0,1900.0,645.0
Hitman: Blood Money,X360,2006,Action,Eidos Interactive,0.29,0.06,0.01,0.03,0.4,2006-05-26,"IO Interactive, Eidos Interactive",4.0,414.0,414.0,Shooter,3200.0,37.0,859.0,238.0
Alpha Protocol,X360,2010,Role-Playing,Sega,0.23,0.13,0.0,0.04,0.4,2010-05-28,"Obsidian Entertainment, Sega",3.3,170.0,170.0,"RPG, Shooter",987.0,9.0,511.0,182.0
Ultimate Spider-Man,XB,2005,Action,Activision,0.26,0.11,0.0,0.02,0.39,2005-09-21,"Activision, Beenox",3.6,300.0,300.0,Brawler,3700.0,25.0,382.0,280.0
Saints Row IV,PS4,2015,Action,Deep Silver,0.13,0.17,0.03,0.06,0.38,2013-08-19,"Volition, Deep Silver",3.1,386.0,386.0,"Adventure, Shooter",7200.0,64.0,775.0,176.0
Shin Megami Tensei: Nocturne,PS2,2003,Role-Playing,Ghostlight,0.07,0.05,0.25,0.02,0.38,2003-02-20,"Atlus, Ghostlight Ltd.",4.2,1100.0,1100.0,RPG,4100.0,358.0,2500.0,1300.0
Batman: Arkham City,WiiU,2012,Action,Warner Bros. Interactive Entertainment,0.17,0.18,0.0,0.03,0.38,2011-10-18,"DC Entertainment, Rocksteady Studios",4.1,1600.0,1600.0,"Adventure, Brawler",16000.0,192.0,2700.0,651.0
Batman: Arkham City,WiiU,2012,Action,Warner Bros. Interactive Entertainment,0.17,0.18,0.0,0.03,0.38,2011-10-18,"DC Entertainment, Rocksteady Studios",4.1,1600.0,1600.0,"Adventure, Brawler",16000.0,192.0,2700.0,651.0
Batman: Arkham City,WiiU,2012,Action,Warner Bros. Interactive Entertainment,0.17,0.18,0.0,0.03,0.38,2011-10-18,"DC Entertainment, Rocksteady Studios",4.1,1600.0,1600.0,"Adventure, Brawler",16000.0,192.0,2700.0,651.0
Phoenix Wright: Ace Attorney - Dual Destinies,3DS,2013,Adventure,Capcom,0.0,0.0,0.38,0.0,0.38,2013-07-25,Capcom,3.4,430.0,430.0,"Adventure, Puzzle, RPG, Simulator, Visual Novel",3300.0,105.0,1100.0,497.0
Tales of Zestiria,PS4,2015,Role-Playing,Namco Bandai Games,0.16,0.15,0.02,0.06,0.38,2015-01-22,"Bandai Namco Entertainment, tri-Crescendo",2.7,273.0,273.0,RPG,1700.0,76.0,1000.0,264.0
Saints Row: The Third,PC,2011,Action,THQ,0.16,0.16,0.0,0.06,0.38,2011-11-15,"Volition, THQ",3.4,482.0,482.0,"Adventure, Racing, Shooter",9400.0,74.0,879.0,210.0
Need for Speed: Hot Pursuit,PC,2010,Racing,Electronic Arts,0.12,0.2,0.0,0.06,0.38,2010-11-16,"Criterion Games, Electronic Arts",3.3,148.0,148.0,Racing,2000.0,23.0,182.0,54.0
Ultimate Spider-Man,GC,2005,Action,Activision,0.29,0.07,0.0,0.01,0.37,2005-09-21,"Activision, Beenox",3.6,300.0,300.0,Brawler,3700.0,25.0,382.0,280.0
Life is Strange,PS4,2016,Adventure,Square Enix,0.14,0.15,0.03,0.06,0.37,2015-01-29,"""DONT NOD"", Square Enix",3.4,1400.0,1400.0,"Adventure, RPG",15000.0,209.0,2100.0,817.0
Life is Strange,PS4,2016,Adventure,Square Enix,0.14,0.15,0.03,0.06,0.37,2015-01-29,"""DONT NOD"", Square Enix",3.4,1400.0,1400.0,"Adventure, RPG",15000.0,209.0,2100.0,817.0
Life is Strange,PS4,2016,Adventure,Square Enix,0.14,0.15,0.03,0.06,0.37,2015-01-29,"""DONT NOD"", Square Enix",3.4,1400.0,1400.0,"Adventure, RPG",15000.0,209.0,2100.0,817.0
Tom Clancy's The Division,PC,2016,Shooter,Ubisoft,0.2,0.14,0.0,0.03,0.37,2016-03-07,"Ubisoft Entertainment, Massive Entertainment",2.8,239.0,239.0,"Adventure, RPG, Shooter, Strategy, Tactical",2900.0,40.0,332.0,78.0
Dishonored,PS4,2015,Action,Bethesda Softworks,0.11,0.18,0.02,0.06,0.37,2012-10-09,"Arkane Studios, Bethesda Softworks",3.9,1100.0,1100.0,"Adventure, RPG",14000.0,268.0,3100.0,866.0
Dishonored,PS4,2015,Action,Bethesda Softworks,0.11,0.18,0.02,0.06,0.37,2012-10-09,"Arkane Studios, Bethesda Softworks",3.9,1100.0,1100.0,"Adventure, RPG",14000.0,268.0,3100.0,866.0
Dishonored,PS4,2015,Action,Bethesda Softworks,0.11,0.18,0.02,0.06,0.37,2012-10-09,"Arkane Studios, Bethesda Softworks",3.9,1100.0,1100.0,"Adventure, RPG",14000.0,268.0,3100.0,866.0
Xenosaga Episode III: Also sprach Zarathustra,PS2,2006,Role-Playing,Namco Bandai Games,0.09,0.07,0.18,0.02,0.37,2006-07-06,"Namco Bandai Games, Monolith Soft",4.3,399.0,399.0,"Adventure, RPG",762.0,23.0,908.0,448.0
LEGO Batman 2: DC Super Heroes,PSV,2012,Action,Warner Bros. Interactive Entertainment,0.17,0.13,0.0,0.06,0.37,2012-06-19,"Feral Interactive, ""Travellers Tales""",3.5,446.0,446.0,"Adventure, Brawler, Platform",4600.0,41.0,821.0,132.0
Left 4 Dead 2,PC,2009,Shooter,Valve Software,0.0,0.32,0.0,0.04,0.37,2009-11-17,"Turtle Rock Studios, Valve",3.9,1100.0,1100.0,Shooter,19000.0,279.0,1500.0,358.0
Left 4 Dead 2,PC,2009,Shooter,Valve Software,0.0,0.32,0.0,0.04,0.37,2009-11-17,"Turtle Rock Studios, Valve",3.9,1100.0,1100.0,Shooter,19000.0,279.0,1500.0,358.0
Assassin's Creed III,WiiU,2012,Action,Ubisoft,0.19,0.13,0.0,0.03,0.36,2012-10-30,"Ubisoft Entertainment, Ubisoft Montreal",3.0,707.0,707.0,"Adventure, Strategy",12000.0,72.0,1200.0,390.0
Kirby's Dream Land 3,SNES,1997,Platform,Nintendo,0.0,0.0,0.36,0.0,0.36,1997-11-27,"Nintendo, HAL Laboratory",3.4,469.0,469.0,"Adventure, Platform",2600.0,49.0,750.0,179.0
Call of Duty: Ghosts,WiiU,2013,Shooter,Activision,0.23,0.09,0.01,0.03,0.36,2013-11-05,"Neversoft Entertainment, Activision",2.4,411.0,411.0,Shooter,6500.0,9.0,353.0,150.0
Dark Souls III,XOne,2016,Role-Playing,Namco Bandai Games,0.23,0.09,0.0,0.03,0.35,2016-03-24,"Bandai Namco Entertainment, FromSoftware",4.2,2400.0,2400.0,"Adventure, RPG",19000.0,851.0,4300.0,2200.0
Dark Souls III,XOne,2016,Role-Playing,Namco Bandai Games,0.23,0.09,0.0,0.03,0.35,2016-03-24,"Bandai Namco Entertainment, FromSoftware",4.2,2400.0,2400.0,"Adventure, RPG",19000.0,851.0,4300.0,2200.0
Dark Souls III,XOne,2016,Role-Playing,Namco Bandai Games,0.23,0.09,0.0,0.03,0.35,2016-03-24,"Bandai Namco Entertainment, FromSoftware",4.2,2400.0,2400.0,"Adventure, RPG",19000.0,851.0,4300.0,2200.0
Remember Me,PS3,2013,Action,Capcom,0.1,0.18,0.0,0.07,0.35,2013-06-03,"Capcom, ""DONT NOD""",2.9,179.0,179.0,"Adventure, Platform",1600.0,22.0,526.0,239.0
Tekken Tag Tournament 2,X360,2012,Fighting,Namco Bandai Games,0.19,0.12,0.01,0.03,0.35,2011-09-14,Bandai Namco Entertainment,3.8,211.0,211.0,Fighting,1700.0,7.0,140.0,95.0
Persona 2: Eternal Punishment,PS,2000,Role-Playing,Atlus,0.03,0.02,0.28,0.02,0.35,2000-06-29,Atlus,4.1,594.0,594.0,"Adventure, RPG",1600.0,107.0,2000.0,993.0
Mega Man ZX Advent,DS,2007,Platform,Capcom,0.23,0.0,0.09,0.02,0.35,2007-07-12,"Inti Creates, Capcom",3.6,173.0,173.0,"Adventure, Platform, Shooter",976.0,19.0,462.0,110.0
F.E.A.R.,X360,2006,Shooter,Vivendi Games,0.28,0.03,0.0,0.03,0.34,2005-10-17,"Monolith Productions, Vivendi Universal",3.8,564.0,564.0,Shooter,3600.0,65.0,1000.0,505.0
Rayman Legends,XOne,2014,Platform,Ubisoft,0.13,0.18,0.0,0.03,0.34,2013-08-30,"Ubisoft Montpellier, Ubisoft Entertainment",4.0,921.0,921.0,"Adventure, Platform",9800.0,177.0,2300.0,643.0
Persona 5,PS4,2016,Role-Playing,Atlus,0.0,0.0,0.34,0.0,0.34,2016-09-15,"Atlus, Atlus USA",4.1,1800.0,1800.0,"Adventure, RPG, Turn Based Strategy",16000.0,630.0,2800.0,1700.0
Persona 5,PS4,2016,Role-Playing,Atlus,0.0,0.0,0.34,0.0,0.34,2016-09-15,"Atlus, Atlus USA",4.1,1800.0,1800.0,"Adventure, RPG, Turn Based Strategy",16000.0,630.0,2800.0,1700.0
Persona 5,PS4,2016,Role-Playing,Atlus,0.0,0.0,0.34,0.0,0.34,2016-09-15,"Atlus, Atlus USA",4.1,1800.0,1800.0,"Adventure, RPG, Turn Based Strategy",16000.0,630.0,2800.0,1700.0
Binary Domain,PS3,2012,Action,Sega,0.09,0.08,0.14,0.03,0.33,2012-02-16,"Sega, Ryū Ga Gotoku Studios",3.5,234.0,234.0,Shooter,1100.0,9.0,598.0,192.0
Beyond Good & Evil,PS2,2003,Adventure,Ubisoft,0.16,0.13,0.0,0.04,0.33,2003-11-11,"Ubisoft Shanghai, Ubisoft",3.9,436.0,436.0,"Adventure, Shooter",2300.0,35.0,1500.0,629.0
Klonoa 2: Lunatea's Veil,PS2,2001,Platform,Sony Computer Entertainment,0.12,0.1,0.08,0.03,0.33,2001-03-22,Namco,4.2,379.0,379.0,"Adventure, Platform, Sport",1100.0,31.0,573.0,399.0
Deus Ex: Mankind Divided,PS4,2016,Role-Playing,Square Enix,0.1,0.18,0.0,0.05,0.33,2016-08-23,Square Enix,3.5,387.0,387.0,"Adventure, RPG, Shooter",3400.0,72.0,2000.0,458.0
Batman: Arkham Origins,WiiU,2013,Action,Warner Bros. Interactive Entertainment,0.2,0.09,0.0,0.03,0.33,2013-10-16,"WB Games, WB Games Montréal",3.4,642.0,642.0,"Adventure, Brawler",7800.0,125.0,1700.0,632.0
Dead Space 2,PC,2011,Shooter,Electronic Arts,0.13,0.15,0.0,0.05,0.33,2011-01-25,"Electronic Arts, Visceral Games",4.0,775.0,775.0,"Adventure, Shooter",6000.0,97.0,1900.0,716.0
Batman: Arkham Origins,PC,2013,Action,Warner Bros. Interactive Entertainment,0.13,0.16,0.0,0.04,0.32,2013-10-16,"WB Games, WB Games Montréal",3.4,642.0,642.0,"Adventure, Brawler",7800.0,125.0,1700.0,632.0
Tekken 6,PSP,2009,Fighting,Namco Bandai Games,0.15,0.04,0.1,0.03,0.32,2007-11-26,Bandai Namco Entertainment,3.4,235.0,235.0,Fighting,2300.0,15.0,173.0,96.0
Batman: Arkham Asylum,PC,2009,Action,Eidos Interactive,0.0,0.27,0.0,0.05,0.32,2009-08-25,"Eidos Interactive, Rocksteady Studios",3.9,1400.0,1400.0,"Adventure, Brawler",17000.0,232.0,2300.0,672.0
Crash of the Titans,X360,2007,Action,Vivendi Games,0.27,0.02,0.0,0.03,0.32,2007-10-04,"Radical Entertainment, Sierra Entertainment",3.0,200.0,200.0,"Adventure, Platform",3800.0,18.0,196.0,122.0
Prince of Persia: The Sands of Time,GC,2003,Action,Ubisoft,0.25,0.06,0.0,0.01,0.32,2003-11-06,"Ubisoft Entertainment, Ubisoft Montreal",3.6,480.0,480.0,"Adventure, Platform",5500.0,37.0,1100.0,421.0
Live A Live,SNES,1994,Role-Playing,SquareSoft,0.0,0.0,0.32,0.0,0.32,2022-07-22,Square Enix,4.1,555.0,555.0,RPG,1100.0,235.0,1700.0,1900.0
Live A Live,SNES,1994,Role-Playing,SquareSoft,0.0,0.0,0.32,0.0,0.32,2022-07-22,Square Enix,4.1,555.0,555.0,RPG,1100.0,235.0,1700.0,1900.0
Live A Live,SNES,1994,Role-Playing,SquareSoft,0.0,0.0,0.32,0.0,0.32,1994-09-02,Square,4.2,307.0,307.0,RPG,555.0,36.0,738.0,491.0
Live A Live,SNES,1994,Role-Playing,SquareSoft,0.0,0.0,0.32,0.0,0.32,2022-07-22,Square Enix,4.1,555.0,555.0,RPG,1100.0,235.0,1700.0,1900.0
Crash Nitro Kart,XB,2003,Racing,Vivendi Games,0.24,0.07,0.0,0.01,0.31,2003-11-11,"Vicarious Visions, Universal Interactive Studios",3.1,141.0,141.0,Racing,1700.0,4.0,139.0,52.0
Shin Megami Tensei: Devil Summoner - Soul Hackers,SAT,1997,Role-Playing,Atlus,0.0,0.0,0.31,0.0,0.31,1997-11-13,"Atlus, NIS America",3.8,470.0,470.0,"Adventure, RPG",1200.0,153.0,1600.0,651.0
Final Fantasy IV,PS,1997,Simulation,SquareSoft,0.0,0.0,0.29,0.02,0.31,1991-07-19,"Square Enix, Square",3.7,530.0,530.0,RPG,2700.0,60.0,964.0,379.0
Kingdoms of Amalur: Reckoning,PC,2012,Role-Playing,Electronic Arts,0.14,0.13,0.0,0.04,0.31,2012-02-07,"38 Studios, Electronic Arts",3.2,99.0,99.0,"Brawler, RPG",1200.0,22.0,365.0,106.0
The Legend of Heroes: Trails of Cold Steel,PSV,2013,Role-Playing,Nippon Ichi Software,0.08,0.05,0.14,0.04,0.31,2013-09-26,"XSEED Games, Nihon Falcom",3.7,499.0,499.0,"Adventure, RPG, Turn Based Strategy",2100.0,129.0,1000.0,461.0
Ultimate Spider-Man,GBA,2005,Action,Activision,0.22,0.08,0.0,0.01,0.3,2005-09-21,"Activision, Beenox",3.6,300.0,300.0,Brawler,3700.0,25.0,382.0,280.0
Drakengard 3,PS3,2013,Role-Playing,Square Enix,0.1,0.0,0.19,0.02,0.3,2013-12-19,"Access Games, Square Enix",3.8,503.0,503.0,"Adventure, Brawler, RPG, Strategy",1900.0,128.0,1400.0,946.0
DmC: Devil May Cry,PS4,2015,Action,Capcom,0.12,0.13,0.0,0.05,0.3,2013-01-15,"Ninja Theory, Capcom",3.0,432.0,432.0,"Adventure, Brawler",6300.0,62.0,1200.0,448.0
DmC: Devil May Cry,PS4,2015,Action,Capcom,0.12,0.13,0.0,0.05,0.3,2013-01-15,"Ninja Theory, Capcom",3.0,432.0,432.0,"Adventure, Brawler",6300.0,62.0,1200.0,448.0
Quake II,N64,1999,Shooter,Activision,0.24,0.06,0.0,0.0,0.3,1997-12-09,"id Software, Activision",3.4,242.0,242.0,Shooter,1500.0,18.0,469.0,162.0
Shin Megami Tensei: Devil Summoner - Soul Hackers,3DS,2012,Role-Playing,Atlus,0.13,0.02,0.14,0.01,0.3,1997-11-13,"Atlus, NIS America",3.8,470.0,470.0,"Adventure, RPG",1200.0,153.0,1600.0,651.0
Mega Man ZX,DS,2006,Platform,Capcom,0.18,0.0,0.1,0.02,0.3,2006-07-06,"Inti Creates, Capcom",3.7,239.0,239.0,"Platform, Shooter",1300.0,29.0,540.0,159.0
NieR,X360,2010,Role-Playing,Square Enix,0.13,0.1,0.04,0.02,0.29,2010-04-22,"Square Enix, Cavia",4.2,743.0,743.0,"Adventure, RPG, Shooter, Simulator, Strategy",2900.0,67.0,999.0,854.0
Ratchet & Clank: Size Matters,PS2,2008,Platform,Sony Computer Entertainment,0.13,0.1,0.03,0.03,0.29,2007-02-13,"Sony Computer Entertainment, Inc. (SCEI), High Impact Games",2.8,172.0,172.0,"Adventure, Platform, Shooter",1500.0,10.0,287.0,115.0
Mega Man X8,PS2,2004,Platform,Capcom,0.14,0.11,0.0,0.04,0.29,2004-12-07,"Capcom Production Studio 1, Capcom",3.3,239.0,239.0,"Adventure, Platform",1400.0,17.0,438.0,140.0
Lightning Returns: Final Fantasy XIII,X360,2013,Role-Playing,Square Enix,0.15,0.1,0.01,0.02,0.29,2013-11-21,Square Enix,3.1,362.0,362.0,RPG,1500.0,44.0,1300.0,426.0
Borderlands: The Pre-Sequel,PC,2014,Shooter,Take-Two Interactive,0.11,0.15,0.0,0.03,0.29,2014-10-14,"Take-Two Interactive, Gearbox Software",2.9,375.0,375.0,"RPG, Shooter",5300.0,100.0,1900.0,238.0
Metal Gear Solid V: Ground Zeroes,XOne,2014,Action,Konami Digital Entertainment,0.15,0.11,0.0,0.02,0.28,2014-03-18,"Konami, Kojima Productions",3.3,650.0,650.0,"Adventure, RPG, Shooter, Strategy",9500.0,53.0,1700.0,549.0
Metal Gear Solid V: Ground Zeroes,XOne,2014,Action,Konami Digital Entertainment,0.15,0.11,0.0,0.02,0.28,2014-03-18,"Konami, Kojima Productions",3.3,650.0,650.0,"Adventure, RPG, Shooter, Strategy",9500.0,53.0,1700.0,549.0
The Warriors,XB,2005,Action,Take-Two Interactive,0.21,0.06,0.0,0.01,0.28,2005-10-17,"Rockstar Toronto, Rockstar Games",3.9,182.0,182.0,"Brawler, Fighting",927.0,10.0,274.0,191.0
Naruto Shippuden: Ultimate Ninja Storm 4,XOne,2016,Fighting,Namco Bandai Games,0.19,0.06,0.0,0.03,0.28,2016-02-04,"Bandai Namco Entertainment, CyberConnect2",3.5,264.0,264.0,"Adventure, Fighting",4800.0,45.0,366.0,134.0
Mega Man 7,SNES,1995,Platform,Laguna,0.03,0.01,0.23,0.01,0.28,1995-03-24,Capcom,3.5,405.0,405.0,"Adventure, Platform, Shooter",2400.0,19.0,461.0,139.0
Silent Hill 2: Restless Dreams,XB,2001,Action,Konami Digital Entertainment,0.21,0.06,0.0,0.01,0.28,2001-12-19,"Team Silent, Konami",4.5,90.0,90.0,Adventure,514.0,14.0,130.0,81.0
Danganronpa Another Episode: Ultra Despair Girls,PSV,2014,Action,Nippon Ichi Software,0.1,0.03,0.12,0.04,0.28,2015-09-01,"Spike ChunSoft, NIS America",2.7,276.0,276.0,"Adventure, Brawler, Puzzle, Shooter",3400.0,92.0,797.0,355.0
The Warriors,PSP,2007,Action,Take-Two Interactive,0.23,0.02,0.0,0.03,0.28,2005-10-17,"Rockstar Toronto, Rockstar Games",3.9,182.0,182.0,"Brawler, Fighting",927.0,10.0,274.0,191.0
Mass Effect 3,WiiU,2012,Role-Playing,Electronic Arts,0.14,0.11,0.0,0.02,0.28,2012-03-06,"BioWare Edmonton, Electronic Arts",3.7,777.0,777.0,"Adventure, RPG, Shooter",7300.0,79.0,1500.0,482.0
Castlevania: Aria of Sorrow,GBA,2003,Platform,Konami Digital Entertainment,0.2,0.07,0.0,0.0,0.28,2003-05-06,"Konami Computer Entertainment Tokyo, Konami",4.2,1000.0,1000.0,"Adventure, Platform, RPG",5100.0,114.0,1700.0,871.0
Dragon Ball GT: Final Bout,PS,1997,Fighting,Namco Bandai Games,0.02,0.02,0.22,0.02,0.27,1997-08-21,"Tose, Bandai",1.8,83.0,83.0,Fighting,1200.0,2.0,39.0,23.0
The Evil Within,PC,2014,Action,Bethesda Softworks,0.09,0.16,0.0,0.02,0.27,2014-10-14,"Tango Gameworks, Bethesda Softworks",3.4,629.0,629.0,"Adventure, Shooter",4800.0,140.0,1800.0,822.0
Gun,X360,2009,Shooter,Activision,0.24,0.01,0.0,0.02,0.27,2005-11-05,"Activision, Rebellion Developments",3.3,131.0,131.0,Adventure,1400.0,5.0,276.0,152.0
Resident Evil: Revelations,X360,2013,Action,Capcom,0.12,0.11,0.02,0.02,0.27,2012-01-26,"Tose, Capcom",3.2,469.0,469.0,"Adventure, Shooter",2900.0,55.0,939.0,297.0
Shin Megami Tensei: Devil Survivor,DS,2009,Role-Playing,Atlus,0.14,0.0,0.12,0.01,0.27,2009-01-15,"Atlus, Ghostlight Ltd.",3.9,219.0,219.0,"RPG, Strategy, Tactical, Visual Novel",1000.0,47.0,667.0,343.0
Deadly Premonition,X360,2010,Action,Rising Star Games,0.18,0.06,0.0,0.02,0.27,2010-02-23,"Access Games, Ignition Entertainment",3.9,431.0,431.0,"Adventure, Shooter",1400.0,48.0,991.0,628.0
Danganronpa 2: Goodbye Despair,PSV,2014,Misc,Nippon Ichi Software,0.13,0.07,0.0,0.06,0.26,2012-07-26,"NIS America, Spike ChunSoft",3.9,972.0,972.0,"Adventure, Point-and-Click, Visual Novel",9900.0,288.0,1800.0,605.0
The Elder Scrolls IV: Oblivion,PC,2006,Role-Playing,Take-Two Interactive,0.01,0.2,0.0,0.05,0.26,2006-03-20,"Bethesda Game Studios, 2K Games",3.7,725.0,725.0,"Adventure, RPG",8100.0,183.0,1900.0,563.0
Plants vs. Zombies,X360,2010,Strategy,PopCap Games,0.24,0.0,0.0,0.02,0.26,2009-05-05,PopCap Games,3.7,719.0,719.0,"Puzzle, Real Time Strategy, Simulator, Strategy, Tactical",14000.0,117.0,493.0,82.0
Crash Nitro Kart,GC,2003,Racing,Vivendi Games,0.2,0.05,0.0,0.01,0.26,2003-11-11,"Vicarious Visions, Universal Interactive Studios",3.1,141.0,141.0,Racing,1700.0,4.0,139.0,52.0
Fire Emblem: Thracia 776,SNES,1999,Strategy,Nintendo,0.0,0.0,0.26,0.0,0.26,1999-09-01,"Intelligent Systems Co., Ltd., Nintendo",4.1,329.0,329.0,"RPG, Strategy, Tactical",820.0,65.0,771.0,329.0
Fire Emblem: Thracia 776,SNES,1999,Strategy,Nintendo,0.0,0.0,0.26,0.0,0.26,1999-09-01,"Intelligent Systems Co., Ltd., Nintendo",4.1,329.0,329.0,"RPG, Strategy, Tactical",820.0,65.0,771.0,329.0
Castlevania: Harmony of Dissonance,GBA,2002,Platform,Konami Digital Entertainment,0.16,0.06,0.04,0.0,0.26,2002-06-06,Konami Computer Entertainment Tokyo,3.2,399.0,399.0,"Adventure, Platform, RPG",2000.0,51.0,802.0,288.0
Journey,PS3,2012,Adventure,Sony Computer Entertainment Europe,0.04,0.15,0.0,0.06,0.25,2012-03-13,"Sony Computer Entertainment, ThatGameCompany",3.9,1500.0,1500.0,"Adventure, Platform",12000.0,94.0,2700.0,1700.0
Journey,PS3,2012,Adventure,Sony Computer Entertainment Europe,0.04,0.15,0.0,0.06,0.25,2012-03-13,"Sony Computer Entertainment, ThatGameCompany",3.9,1500.0,1500.0,"Adventure, Platform",12000.0,94.0,2700.0,1700.0
Journey,PS3,2012,Adventure,Sony Computer Entertainment Europe,0.04,0.15,0.0,0.06,0.25,2012-03-13,"Sony Computer Entertainment, ThatGameCompany",3.9,1500.0,1500.0,"Adventure, Platform",12000.0,94.0,2700.0,1700.0
FIFA 14,3DS,2013,Sports,Electronic Arts,0.0,0.23,0.0,0.03,0.25,2013-09-24,"EA Sports, EA Canada",3.2,92.0,92.0,Sport,2200.0,8.0,52.0,13.0
Billy Hatcher and the Giant Egg,GC,2003,Platform,Sega,0.19,0.05,0.0,0.01,0.25,2003-09-23,"Sonic Team, Sega",3.1,133.0,133.0,Platform,797.0,12.0,322.0,212.0
Armored Core 4,X360,2007,Simulation,505 Games,0.19,0.01,0.03,0.02,0.25,2006-12-21,"FromSoftware, Sega",3.7,92.0,92.0,Fighting,252.0,15.0,232.0,162.0
BioShock 2,PC,2009,Shooter,Take-Two Interactive,0.02,0.19,0.0,0.04,0.24,2010-02-09,"2K Marin, 2K Games",3.6,687.0,687.0,"Adventure, RPG, Shooter",9100.0,103.0,3300.0,691.0
BioShock 2,PC,2009,Shooter,Take-Two Interactive,0.02,0.19,0.0,0.04,0.24,2010-02-09,"2K Marin, 2K Games",3.6,687.0,687.0,"Adventure, RPG, Shooter",9100.0,103.0,3300.0,691.0
Metro 2033,PC,2010,Shooter,THQ,0.0,0.19,0.0,0.05,0.24,2010-03-16,"4A Games, THQ",3.5,328.0,328.0,"RPG, Shooter",3700.0,49.0,1100.0,224.0
The Simpsons: Road Rage,GC,2001,Racing,Electronic Arts,0.19,0.05,0.0,0.01,0.24,2001-11-19,"Electronic Arts, Fox Interactive",2.9,103.0,103.0,Racing,1700.0,6.0,146.0,61.0
Grand Theft Auto,GBA,2004,Action,Take-Two Interactive,0.17,0.06,0.0,0.0,0.24,1997-10-21,"DMA Design, Take-Two Interactive",2.5,181.0,181.0,"Adventure, Racing, Shooter",1600.0,4.0,225.0,109.0
Asura's Wrath,X360,2012,Action,Capcom,0.15,0.06,0.01,0.02,0.24,2012-02-21,"Capcom, CyberConnect2",3.7,432.0,432.0,Brawler,2100.0,65.0,980.0,827.0
Danganronpa: Trigger Happy Havoc,PSP,2009,Misc,Unknown,0.0,0.0,0.24,0.0,0.24,2010-11-25,"NIS America, Spike ChunSoft",3.5,1000.0,1000.0,"Adventure, Point-and-Click, Visual Novel",12000.0,311.0,1900.0,716.0
The Walking Dead: Season Two,PS4,2014,Adventure,Telltale Games,0.1,0.09,0.01,0.04,0.24,2013-12-17,"Telltale Games, Skybound Games",3.5,559.0,559.0,"Adventure, Point-and-Click, Puzzle",6700.0,35.0,718.0,262.0
Star Wars: The Force Unleashed II,DS,2010,Action,LucasArts,0.18,0.04,0.0,0.02,0.23,2010-10-26,LucasArts,2.8,242.0,242.0,"Adventure, Brawler, RPG",4100.0,18.0,597.0,268.0
FIFA 14,PSP,2013,Sports,Electronic Arts,0.0,0.16,0.0,0.07,0.23,2013-09-24,"EA Sports, EA Canada",3.2,92.0,92.0,Sport,2200.0,8.0,52.0,13.0
Rocket League,PS4,2016,Sports,505 Games,0.02,0.14,0.0,0.07,0.23,2015-07-06,Psyonix,3.4,917.0,917.0,"Indie, Racing, Sport",17000.0,564.0,698.0,113.0
Rocket League,PS4,2016,Sports,505 Games,0.02,0.14,0.0,0.07,0.23,2015-07-06,Psyonix,3.4,917.0,917.0,"Indie, Racing, Sport",17000.0,564.0,698.0,113.0
Rocket League,PS4,2016,Sports,505 Games,0.02,0.14,0.0,0.07,0.23,2015-07-06,Psyonix,3.4,917.0,917.0,"Indie, Racing, Sport",17000.0,564.0,698.0,113.0
Dark Souls II,XOne,2015,Role-Playing,Namco Bandai Games,0.13,0.07,0.0,0.02,0.22,2014-03-11,"FromSoftware, Bandai Namco Entertainment",3.3,815.0,815.0,"Adventure, RPG",6700.0,128.0,1400.0,834.0
Dark Souls II,XOne,2015,Role-Playing,Namco Bandai Games,0.13,0.07,0.0,0.02,0.22,2014-03-11,"FromSoftware, Bandai Namco Entertainment",3.3,815.0,815.0,"Adventure, RPG",6700.0,128.0,1400.0,834.0
The Legend of Heroes: Trails of Cold Steel,PS3,2013,Role-Playing,Nippon Ichi Software,0.05,0.04,0.12,0.02,0.22,2013-09-26,"XSEED Games, Nihon Falcom",3.7,499.0,499.0,"Adventure, RPG, Turn Based Strategy",2100.0,129.0,1000.0,461.0
The Walking Dead: Season Two,PS3,2014,Adventure,Telltale Games,0.09,0.09,0.0,0.04,0.22,2013-12-17,"Telltale Games, Skybound Games",3.5,559.0,559.0,"Adventure, Point-and-Click, Puzzle",6700.0,35.0,718.0,262.0
Tales of Berseria,PS4,2016,Role-Playing,Namco Bandai Games,0.0,0.0,0.22,0.0,0.22,2016-08-18,"Bandai Namco Entertainment America, Bandai Namco Studios",3.7,555.0,555.0,RPG,3300.0,293.0,2400.0,657.0
Shin Megami Tensei: Persona,PSP,2009,Role-Playing,Atlus,0.08,0.0,0.13,0.01,0.22,2009-10-22,Atlus,2.9,416.0,416.0,RPG,2500.0,161.0,1600.0,797.0
Metal Gear Solid V: The Phantom Pain,X360,2015,Action,Konami Digital Entertainment,0.12,0.08,0.0,0.02,0.21,2015-09-01,"Konami, Kojima Productions",3.8,1500.0,1500.0,"Adventure, Shooter, Tactical",14000.0,503.0,4500.0,1200.0
Rayman Raving Rabbids,X360,2007,Misc,Ubisoft,0.18,0.01,0.0,0.02,0.21,2006-11-19,"Ubisoft Entertainment, Ubisoft Montpellier",2.7,137.0,137.0,"Adventure, Platform, Puzzle",2700.0,9.0,191.0,63.0
Rayman Legends,PSV,2014,Platform,Ubisoft,0.03,0.12,0.0,0.05,0.21,2013-08-30,"Ubisoft Montpellier, Ubisoft Entertainment",4.0,921.0,921.0,"Adventure, Platform",9800.0,177.0,2300.0,643.0
The Wolf Among Us,PS4,2014,Adventure,Telltale Games,0.1,0.07,0.0,0.03,0.21,2013-10-11,Telltale Games,3.9,837.0,837.0,"Adventure, Point-and-Click",8100.0,81.0,1500.0,678.0
Assassin's Creed Syndicate,PC,2015,Action,Ubisoft,0.1,0.08,0.0,0.02,0.2,2015-10-23,"Ubisoft Entertainment, Ubisoft Québec",3.0,562.0,562.0,Adventure,5600.0,97.0,1500.0,417.0
Saints Row IV,XOne,2015,Action,Deep Silver,0.1,0.09,0.0,0.02,0.2,2013-08-19,"Volition, Deep Silver",3.1,386.0,386.0,"Adventure, Shooter",7200.0,64.0,775.0,176.0
Injustice: Gods Among Us,WiiU,2013,Fighting,Warner Bros. Interactive Entertainment,0.1,0.08,0.0,0.02,0.2,2013-04-16,"NetherRealm Studios, WB Games",3.0,364.0,364.0,"Adventure, Fighting",7100.0,17.0,502.0,112.0
Star Wars: Battlefront,PC,2004,Shooter,LucasArts,0.06,0.12,0.0,0.02,0.2,2004-09-20,"Pandemic Studios, LucasArts",3.5,255.0,255.0,Shooter,4100.0,9.0,261.0,109.0
Dead Space 3,PC,2009,Action,Electronic Arts,0.02,0.15,0.0,0.02,0.2,2013-02-05,"Visceral Games, Electronic Arts",2.6,309.0,309.0,"Adventure, Shooter",3200.0,48.0,1000.0,388.0
Armored Core 4,PS3,2006,Simulation,505 Games,0.09,0.0,0.09,0.01,0.2,2006-12-21,"FromSoftware, Sega",3.7,92.0,92.0,Fighting,252.0,15.0,232.0,162.0
Resident Evil: Revelations,WiiU,2013,Action,Capcom,0.07,0.08,0.03,0.01,0.2,2012-01-26,"Tose, Capcom",3.2,469.0,469.0,"Adventure, Shooter",2900.0,55.0,939.0,297.0
Prince of Persia: Warrior Within,GC,2004,Action,Ubisoft,0.15,0.04,0.0,0.01,0.2,2004-11-30,"Ubisoft Montreal, Ubisoft Entertainment",3.5,237.0,237.0,"Adventure, Fighting, Platform",2800.0,20.0,551.0,220.0
Danganronpa 2: Goodbye Despair,PSP,2012,Misc,Spike,0.0,0.0,0.19,0.0,0.19,2012-07-26,"NIS America, Spike ChunSoft",3.9,972.0,972.0,"Adventure, Point-and-Click, Visual Novel",9900.0,288.0,1800.0,605.0
Dante's Inferno,PSP,2010,Action,Electronic Arts,0.12,0.03,0.01,0.03,0.19,2010-02-04,"Electronic Arts, Visceral Games",3.2,321.0,321.0,"Adventure, Brawler",2600.0,40.0,567.0,334.0
Plants vs. Zombies,PS3,2011,Strategy,PopCap Games,0.18,0.0,0.0,0.01,0.19,2009-05-05,PopCap Games,3.7,719.0,719.0,"Puzzle, Real Time Strategy, Simulator, Strategy, Tactical",14000.0,117.0,493.0,82.0
Binary Domain,X360,2012,Action,Sega,0.09,0.07,0.02,0.02,0.19,2012-02-16,"Sega, Ryū Ga Gotoku Studios",3.5,234.0,234.0,Shooter,1100.0,9.0,598.0,192.0
Saints Row IV,PC,2013,Action,Deep Silver,0.11,0.06,0.0,0.02,0.19,2013-08-19,"Volition, Deep Silver",3.1,386.0,386.0,"Adventure, Shooter",7200.0,64.0,775.0,176.0
Tekken Tag Tournament 2,WiiU,2012,Fighting,Namco Bandai Games,0.09,0.07,0.01,0.01,0.19,2011-09-14,Bandai Namco Entertainment,3.8,211.0,211.0,Fighting,1700.0,7.0,140.0,95.0
The Walking Dead: Season One,PSV,2013,Adventure,Square Enix,0.14,0.0,0.01,0.03,0.18,2012-04-24,"Telltale Games, Sony Computer Entertainment",4.0,1200.0,1200.0,"Adventure, Point-and-Click",12000.0,111.0,1100.0,467.0
Borderlands,PC,2009,Shooter,Take-Two Interactive,0.01,0.14,0.0,0.04,0.18,2009-10-20,"2K Games, Gearbox Software",3.1,484.0,484.0,"RPG, Shooter",9100.0,98.0,1200.0,450.0
Borderlands,PC,2009,Shooter,Take-Two Interactive,0.01,0.14,0.0,0.04,0.18,2009-10-20,"2K Games, Gearbox Software",3.1,484.0,484.0,"RPG, Shooter",9100.0,98.0,1200.0,450.0
Remember Me,X360,2013,Action,Capcom,0.1,0.07,0.0,0.02,0.18,2013-06-03,"Capcom, ""DONT NOD""",2.9,179.0,179.0,"Adventure, Platform",1600.0,22.0,526.0,239.0
Klonoa: Door to Phantomile,PS,1997,Platform,Sony Computer Entertainment,0.0,0.0,0.17,0.01,0.18,1997-12-11,Namco,4.1,648.0,648.0,Platform,2200.0,63.0,877.0,590.0
Klonoa: Door to Phantomile,PS,1997,Platform,Sony Computer Entertainment,0.0,0.0,0.17,0.01,0.18,1997-12-11,Namco,4.1,648.0,648.0,Platform,2200.0,63.0,877.0,590.0
Odin Sphere: Leifthrasir,PS4,2016,Role-Playing,Nippon Ichi Software,0.06,0.03,0.07,0.02,0.18,2016-01-14,"Atlus, Vanillaware",4.1,228.0,228.0,RPG,895.0,71.0,740.0,349.0
LEGO Marvel Super Heroes,PC,2013,Action,Warner Bros. Interactive Entertainment,0.04,0.12,0.0,0.02,0.18,2013-09-30,"WB Games, ""Travellers Tales""",3.6,522.0,522.0,"Adventure, Brawler, Puzzle",6000.0,65.0,592.0,126.0
LEGO Marvel Super Heroes,PC,2013,Action,Warner Bros. Interactive Entertainment,0.04,0.12,0.0,0.02,0.18,2013-09-30,"WB Games, ""Travellers Tales""",3.6,522.0,522.0,"Adventure, Brawler, Puzzle",6000.0,65.0,592.0,126.0
Dark Souls II,PC,2014,Role-Playing,Namco Bandai Games,0.08,0.08,0.0,0.02,0.18,2014-03-11,"FromSoftware, Bandai Namco Entertainment",3.3,815.0,815.0,"Adventure, RPG",6700.0,128.0,1400.0,834.0
Dark Souls II,PC,2014,Role-Playing,Namco Bandai Games,0.08,0.08,0.0,0.02,0.18,2014-03-11,"FromSoftware, Bandai Namco Entertainment",3.3,815.0,815.0,"Adventure, RPG",6700.0,128.0,1400.0,834.0
Gun,GC,2005,Shooter,Activision,0.14,0.04,0.0,0.0,0.18,2005-11-05,"Activision, Rebellion Developments",3.3,131.0,131.0,Adventure,1400.0,5.0,276.0,152.0
Star Wars: Battlefront II,PC,2005,Shooter,LucasArts,0.02,0.13,0.0,0.03,0.18,2005-10-31,"Pandemic Studios, LucasArts",4.0,650.0,650.0,Shooter,7700.0,35.0,520.0,189.0
Back to the Future: The Game,PS4,2015,Adventure,Telltale Games,0.1,0.04,0.0,0.03,0.17,2010-12-22,Telltale Games,3.2,94.0,94.0,"Adventure, Point-and-Click",763.0,5.0,223.0,67.0
Final Fantasy V,PS,1998,Role-Playing,SquareSoft,0.0,0.0,0.16,0.01,0.17,1992-12-06,Square Enix,3.8,532.0,532.0,"Adventure, RPG",2300.0,78.0,1200.0,460.0
Resident Evil,SAT,1997,Action,Capcom,0.0,0.0,0.17,0.0,0.17,2002-03-22,"Capcom, Capcom Production Studio 4",4.3,1000.0,1000.0,"Adventure, Puzzle",4000.0,93.0,1100.0,470.0
Resident Evil,SAT,1997,Action,Capcom,0.0,0.0,0.17,0.0,0.17,1996-03-22,"Capcom, Capcom Planning Room 2",3.7,688.0,688.0,"Adventure, Puzzle",3400.0,41.0,577.0,323.0
Fatal Frame II: Crimson Butterfly,PS2,2003,Action,Ubisoft,0.08,0.06,0.0,0.02,0.16,2003-11-27,"Tecmo Co., Ltd., Ubisoft Entertainment",4.2,398.0,398.0,Adventure,1000.0,38.0,690.0,513.0
Fatal Frame II: Crimson Butterfly,PS2,2003,Action,Ubisoft,0.08,0.06,0.0,0.02,0.16,2003-11-27,"Tecmo Co., Ltd., Ubisoft Entertainment",4.2,398.0,398.0,Adventure,1000.0,38.0,690.0,513.0
Bulletstorm,PC,2011,Shooter,Electronic Arts,0.07,0.07,0.0,0.02,0.16,2011-02-22,"People Can Fly, Electronic Arts",3.2,159.0,159.0,Shooter,2300.0,6.0,299.0,125.0
Yakuza Kiwami,PS4,2016,Adventure,Sega,0.0,0.0,0.16,0.0,0.16,2016-01-21,"Sega, Ryū Ga Gotoku Studios",3.7,1200.0,1200.0,"Adventure, Brawler, RPG",9700.0,439.0,3400.0,1000.0
Yakuza Kiwami,PS4,2016,Adventure,Sega,0.0,0.0,0.16,0.0,0.16,2016-01-21,"Sega, Ryū Ga Gotoku Studios",3.7,1200.0,1200.0,"Adventure, Brawler, RPG",9700.0,439.0,3400.0,1000.0
Yakuza Kiwami,PS4,2016,Adventure,Sega,0.0,0.0,0.16,0.0,0.16,2016-01-21,"Sega, Ryū Ga Gotoku Studios",3.7,1200.0,1200.0,"Adventure, Brawler, RPG",9700.0,439.0,3400.0,1000.0
The Walking Dead: Season One,XOne,2014,Adventure,Telltale Games,0.08,0.06,0.0,0.01,0.16,2012-04-24,"Telltale Games, Sony Computer Entertainment",4.0,1200.0,1200.0,"Adventure, Point-and-Click",12000.0,111.0,1100.0,467.0
Ultimate Spider-Man,DS,2005,Action,Activision,0.14,0.0,0.0,0.01,0.16,2005-09-21,"Activision, Beenox",3.6,300.0,300.0,Brawler,3700.0,25.0,382.0,280.0
Deadly Premonition,PS3,2010,Action,Rising Star Games,0.08,0.05,0.0,0.02,0.15,2010-02-23,"Access Games, Ignition Entertainment",3.9,431.0,431.0,"Adventure, Shooter",1400.0,48.0,991.0,628.0
Metal Gear Solid V: Ground Zeroes,X360,2014,Action,Konami Digital Entertainment,0.07,0.06,0.01,0.01,0.15,2014-03-18,"Konami, Kojima Productions",3.3,650.0,650.0,"Adventure, RPG, Shooter, Strategy",9500.0,53.0,1700.0,549.0
Metal Gear Solid V: Ground Zeroes,X360,2014,Action,Konami Digital Entertainment,0.07,0.06,0.01,0.01,0.15,2014-03-18,"Konami, Kojima Productions",3.3,650.0,650.0,"Adventure, RPG, Shooter, Strategy",9500.0,53.0,1700.0,549.0
Prince of Persia: The Sands of Time,GBA,2003,Action,Ubisoft,0.11,0.04,0.0,0.0,0.15,2003-11-06,"Ubisoft Entertainment, Ubisoft Montreal",3.6,480.0,480.0,"Adventure, Platform",5500.0,37.0,1100.0,421.0
Killer7,GC,2005,Action,Capcom,0.12,0.03,0.0,0.0,0.15,2005-06-09,"Capcom, Grasshopper Manufacture",4.3,1200.0,1200.0,"Adventure, Shooter",2800.0,237.0,2500.0,1300.0
Terraria,PC,2011,Action,Unknown,0.0,0.13,0.0,0.02,0.15,2011-05-16,"Re-Logic, Headup Games",4.0,1300.0,1300.0,"Adventure, Indie, Platform, RPG, Strategy",18000.0,673.0,2200.0,593.0
The Legend of Heroes: Trails of Cold Steel II,PSV,2014,Role-Playing,Nippon Ichi Software,0.02,0.0,0.13,0.01,0.15,2014-09-25,"NIS America, Nihon Falcom",3.7,401.0,401.0,"Adventure, RPG, Turn Based Strategy",1700.0,45.0,707.0,319.0
Odin Sphere: Leifthrasir,PSV,2016,Role-Playing,Nippon Ichi Software,0.02,0.03,0.08,0.02,0.15,2016-01-14,"Atlus, Vanillaware",4.1,228.0,228.0,RPG,895.0,71.0,740.0,349.0
The Walking Dead: Season Two,PSV,2014,Adventure,Telltale Games,0.1,0.0,0.01,0.03,0.15,2013-12-17,"Telltale Games, Skybound Games",3.5,559.0,559.0,"Adventure, Point-and-Click, Puzzle",6700.0,35.0,718.0,262.0
Rayman Raving Rabbids,DS,2007,Misc,Ubisoft,0.13,0.01,0.0,0.01,0.15,2006-11-19,"Ubisoft Entertainment, Ubisoft Montpellier",2.7,137.0,137.0,"Adventure, Platform, Puzzle",2700.0,9.0,191.0,63.0
Deus Ex: Mankind Divided,XOne,2016,Role-Playing,Square Enix,0.08,0.06,0.0,0.01,0.15,2016-08-23,Square Enix,3.5,387.0,387.0,"Adventure, RPG, Shooter",3400.0,72.0,2000.0,458.0
Rayman Origins,3DS,2012,Platform,Ubisoft,0.06,0.08,0.0,0.01,0.15,2011-11-15,"Ubisoft Montpellier, Ubisoft Entertainment",3.8,547.0,547.0,"Adventure, Platform",6200.0,85.0,1200.0,417.0
Shin Megami Tensei: Devil Summoner - Soul Hackers,PS,1999,Role-Playing,Atlus,0.0,0.0,0.14,0.01,0.15,1997-11-13,"Atlus, NIS America",3.8,470.0,470.0,"Adventure, RPG",1200.0,153.0,1600.0,651.0
Ys: The Oath in Felghana,PSP,2010,Role-Playing,Falcom Corporation,0.09,0.0,0.04,0.01,0.14,2005-07-04,"Nihon Falcom, XSEED Games",4.0,311.0,311.0,"Adventure, RPG",1000.0,32.0,503.0,210.0
Dishonored,XOne,2015,Action,Bethesda Softworks,0.08,0.05,0.0,0.01,0.14,2012-10-09,"Arkane Studios, Bethesda Softworks",3.9,1100.0,1100.0,"Adventure, RPG",14000.0,268.0,3100.0,866.0
Dishonored,XOne,2015,Action,Bethesda Softworks,0.08,0.05,0.0,0.01,0.14,2012-10-09,"Arkane Studios, Bethesda Softworks",3.9,1100.0,1100.0,"Adventure, RPG",14000.0,268.0,3100.0,866.0
Dishonored,XOne,2015,Action,Bethesda Softworks,0.08,0.05,0.0,0.01,0.14,2012-10-09,"Arkane Studios, Bethesda Softworks",3.9,1100.0,1100.0,"Adventure, RPG",14000.0,268.0,3100.0,866.0
Star Wars: Knights of the Old Republic,PC,2003,Role-Playing,LucasArts,0.01,0.1,0.0,0.02,0.14,2003-07-15,"BioWare, LucasArts",4.2,839.0,839.0,"Adventure, RPG",5300.0,180.0,2300.0,705.0
Star Wars: Knights of the Old Republic,PC,2003,Role-Playing,LucasArts,0.01,0.1,0.0,0.02,0.14,2003-07-15,"BioWare, LucasArts",4.2,839.0,839.0,"Adventure, RPG",5300.0,180.0,2300.0,705.0
Doom,GBA,2001,Shooter,Activision,0.1,0.04,0.0,0.0,0.14,2016-05-12,"id Software, Bethesda Softworks",4.0,1800.0,1800.0,Shooter,18000.0,541.0,4000.0,1400.0
Doom,GBA,2001,Shooter,Activision,0.1,0.04,0.0,0.0,0.14,1993-12-10,"Activision, id Software",4.0,1400.0,1400.0,Shooter,11000.0,203.0,1500.0,514.0
Doom,GBA,2001,Shooter,Activision,0.1,0.04,0.0,0.0,0.14,2016-05-12,"id Software, Bethesda Softworks",4.0,1800.0,1800.0,Shooter,18000.0,541.0,4000.0,1400.0
Doom,GBA,2001,Shooter,Activision,0.1,0.04,0.0,0.0,0.14,1993-12-10,"Activision, id Software",4.0,1400.0,1400.0,Shooter,11000.0,203.0,1500.0,514.0
Doom,GBA,2001,Shooter,Activision,0.1,0.04,0.0,0.0,0.14,2016-05-12,"id Software, Bethesda Softworks",4.0,1800.0,1800.0,Shooter,18000.0,541.0,4000.0,1400.0
Doom,GBA,2001,Shooter,Activision,0.1,0.04,0.0,0.0,0.14,1993-12-10,"Activision, id Software",4.0,1400.0,1400.0,Shooter,11000.0,203.0,1500.0,514.0
Doom,GBA,2001,Shooter,Activision,0.1,0.04,0.0,0.0,0.14,2017-11-10,"Bethesda Softworks, id Software",3.9,80.0,80.0,Shooter,2300.0,37.0,393.0,150.0
Hitman: Blood Money,XB,2006,Action,Eidos Interactive,0.11,0.03,0.0,0.01,0.14,2006-05-26,"IO Interactive, Eidos Interactive",4.0,414.0,414.0,Shooter,3200.0,37.0,859.0,238.0
Just Cause 3,PC,2015,Action,Square Enix,0.03,0.11,0.0,0.01,0.14,2015-11-30,"Avalanche Studios, Square Enix",3.1,269.0,269.0,Adventure,4900.0,93.0,1000.0,155.0
Injustice: Gods Among Us,PSV,2013,Fighting,Warner Bros. Interactive Entertainment,0.11,0.01,0.0,0.02,0.14,2013-04-16,"NetherRealm Studios, WB Games",3.0,364.0,364.0,"Adventure, Fighting",7100.0,17.0,502.0,112.0
The Walking Dead: Season Two,XOne,2014,Adventure,Telltale Games,0.08,0.05,0.0,0.01,0.14,2013-12-17,"Telltale Games, Skybound Games",3.5,559.0,559.0,"Adventure, Point-and-Click, Puzzle",6700.0,35.0,718.0,262.0
NBA Jam,XB,2003,Sports,Acclaim Entertainment,0.1,0.03,0.0,0.0,0.14,1993-06-02,Midway,3.6,106.0,106.0,Sport,847.0,0.0,64.0,23.0
Shovel Knight,3DS,2015,Platform,Yacht Club Games,0.07,0.04,0.01,0.01,0.13,2014-06-26,Yacht Club Games,4.0,761.0,761.0,"Adventure, Indie, Platform",8500.0,135.0,1900.0,1200.0
Shovel Knight,3DS,2015,Platform,Yacht Club Games,0.07,0.04,0.01,0.01,0.13,2014-06-26,Yacht Club Games,4.0,761.0,761.0,"Adventure, Indie, Platform",8500.0,135.0,1900.0,1200.0
DmC: Devil May Cry,XOne,2015,Action,Capcom,0.08,0.04,0.0,0.01,0.13,2013-01-15,"Ninja Theory, Capcom",3.0,432.0,432.0,"Adventure, Brawler",6300.0,62.0,1200.0,448.0
DmC: Devil May Cry,XOne,2015,Action,Capcom,0.08,0.04,0.0,0.01,0.13,2013-01-15,"Ninja Theory, Capcom",3.0,432.0,432.0,"Adventure, Brawler",6300.0,62.0,1200.0,448.0
Sin and Punishment,N64,2000,Shooter,Nintendo,0.0,0.0,0.13,0.0,0.13,2000-11-21,"Treasure, Nintendo",4.0,459.0,459.0,Shooter,1100.0,34.0,878.0,550.0
Ape Escape 3,PS2,2005,Platform,Sony Computer Entertainment,0.06,0.05,0.0,0.02,0.13,2005-07-14,"SCE Japan Studio, Sony Computer Entertainment Europe",4.3,247.0,247.0,Platform,874.0,24.0,399.0,231.0
Brothers: A Tale of Two Sons,PS4,2015,Adventure,505 Games,0.03,0.08,0.0,0.02,0.13,2013-08-07,"Starbreeze Studios, Spike ChunSoft",3.5,511.0,511.0,"Adventure, Indie, Puzzle",4000.0,28.0,1300.0,334.0
Shin Megami Tensei: Digital Devil Saga,PS2,2004,Role-Playing,Ghostlight,0.06,0.05,0.0,0.02,0.13,2004-07-15,"Atlus, Ghostlight Ltd.",4.1,657.0,657.0,RPG,2000.0,200.0,1900.0,916.0
Just Cause 2,PC,2010,Action,Square Enix,0.0,0.1,0.0,0.03,0.13,2010-03-23,"Avalanche Studios, Eidos Interactive",3.2,302.0,302.0,"Adventure, Racing, Shooter",5100.0,36.0,771.0,142.0
Batman: Arkham Knight,PC,2015,Action,Warner Bros. Interactive Entertainment,0.08,0.03,0.0,0.01,0.13,2015-06-23,"Rocksteady Studios, Warner Bros. Interactive Entertainment",3.7,1200.0,1200.0,"Adventure, Brawler",13000.0,279.0,3400.0,757.0
Batman: Arkham Knight,PC,2015,Action,Warner Bros. Interactive Entertainment,0.08,0.03,0.0,0.01,0.13,2015-06-23,"Rocksteady Studios, Warner Bros. Interactive Entertainment",3.7,1200.0,1200.0,"Adventure, Brawler",13000.0,279.0,3400.0,757.0
Batman: Arkham Knight,PC,2015,Action,Warner Bros. Interactive Entertainment,0.08,0.03,0.0,0.01,0.13,2015-06-23,"Rocksteady Studios, Warner Bros. Interactive Entertainment",3.7,1200.0,1200.0,"Adventure, Brawler",13000.0,279.0,3400.0,757.0
LEGO Batman 2: DC Super Heroes,WiiU,2013,Action,Warner Bros. Interactive Entertainment,0.05,0.07,0.0,0.01,0.13,2012-06-19,"Feral Interactive, ""Travellers Tales""",3.5,446.0,446.0,"Adventure, Brawler, Platform",4600.0,41.0,821.0,132.0
Resident Evil,PS3,2006,Action,Capcom,0.0,0.0,0.12,0.0,0.12,2002-03-22,"Capcom, Capcom Production Studio 4",4.3,1000.0,1000.0,"Adventure, Puzzle",4000.0,93.0,1100.0,470.0
Resident Evil,PS3,2006,Action,Capcom,0.0,0.0,0.12,0.0,0.12,1996-03-22,"Capcom, Capcom Planning Room 2",3.7,688.0,688.0,"Adventure, Puzzle",3400.0,41.0,577.0,323.0
Rocket League,XOne,2016,Sports,505 Games,0.03,0.09,0.0,0.01,0.12,2015-07-06,Psyonix,3.4,917.0,917.0,"Indie, Racing, Sport",17000.0,564.0,698.0,113.0
Rocket League,XOne,2016,Sports,505 Games,0.03,0.09,0.0,0.01,0.12,2015-07-06,Psyonix,3.4,917.0,917.0,"Indie, Racing, Sport",17000.0,564.0,698.0,113.0
Rocket League,XOne,2016,Sports,505 Games,0.03,0.09,0.0,0.01,0.12,2015-07-06,Psyonix,3.4,917.0,917.0,"Indie, Racing, Sport",17000.0,564.0,698.0,113.0
Alice: Madness Returns,PC,2011,Adventure,Electronic Arts,0.0,0.1,0.0,0.02,0.12,2011-06-14,"Electronic Arts, Spicy Horse Games",3.5,358.0,358.0,"Adventure, Brawler, Platform",2800.0,113.0,1200.0,636.0
The Legend of Heroes: Trails of Cold Steel II,PS3,2014,Role-Playing,Nippon Ichi Software,0.01,0.0,0.11,0.0,0.12,2014-09-25,"NIS America, Nihon Falcom",3.7,401.0,401.0,"Adventure, RPG, Turn Based Strategy",1700.0,45.0,707.0,319.0
Grand Theft Auto: San Andreas,X360,2008,Action,Take-Two Interactive,0.08,0.03,0.0,0.01,0.12,2004-10-26,"Rockstar Games, Rockstar North",4.1,1500.0,1500.0,"Adventure, Racing, Shooter",19000.0,270.0,2400.0,742.0
Sonic Adventure 2,DC,2001,Platform,Sega,0.0,0.0,0.12,0.0,0.12,2001-06-23,"Sega, Sonic Team USA",3.6,842.0,842.0,"Adventure, Platform",5100.0,89.0,1000.0,342.0
Psychonauts,XB,2005,Platform,THQ,0.09,0.03,0.0,0.0,0.12,2005-04-19,"Double Fine Productions, Majesco Entertainment",4.0,1200.0,1200.0,"Adventure, Platform",7100.0,388.0,4200.0,1200.0
Psychonauts,XB,2005,Platform,THQ,0.09,0.03,0.0,0.0,0.12,2005-04-19,"Double Fine Productions, Majesco Entertainment",4.0,1200.0,1200.0,"Adventure, Platform",7100.0,388.0,4200.0,1200.0
Deus Ex: Human Revolution,WiiU,2013,Shooter,Square Enix,0.06,0.05,0.0,0.01,0.12,2011-08-23,"Square Enix, Eidos Montréal",3.8,559.0,559.0,"RPG, Shooter",5800.0,65.0,1700.0,488.0
The Walking Dead: Season Two,X360,2014,Adventure,Telltale Games,0.04,0.07,0.0,0.01,0.12,2013-12-17,"Telltale Games, Skybound Games",3.5,559.0,559.0,"Adventure, Point-and-Click, Puzzle",6700.0,35.0,718.0,262.0
Yakuza Kiwami,PS3,2016,Adventure,Sega,0.0,0.0,0.12,0.0,0.12,2016-01-21,"Sega, Ryū Ga Gotoku Studios",3.7,1200.0,1200.0,"Adventure, Brawler, RPG",9700.0,439.0,3400.0,1000.0
Yakuza Kiwami,PS3,2016,Adventure,Sega,0.0,0.0,0.12,0.0,0.12,2016-01-21,"Sega, Ryū Ga Gotoku Studios",3.7,1200.0,1200.0,"Adventure, Brawler, RPG",9700.0,439.0,3400.0,1000.0
Yakuza Kiwami,PS3,2016,Adventure,Sega,0.0,0.0,0.12,0.0,0.12,2016-01-21,"Sega, Ryū Ga Gotoku Studios",3.7,1200.0,1200.0,"Adventure, Brawler, RPG",9700.0,439.0,3400.0,1000.0
Final Fantasy III,PSP,2012,Role-Playing,Square Enix,0.0,0.0,0.11,0.0,0.11,2006-08-24,"Square, Square Enix",3.1,342.0,342.0,"Adventure, RPG",2600.0,59.0,891.0,290.0
Life is Strange,XOne,2016,Adventure,Square Enix,0.08,0.02,0.0,0.01,0.11,2015-01-29,"""DONT NOD"", Square Enix",3.4,1400.0,1400.0,"Adventure, RPG",15000.0,209.0,2100.0,817.0
Life is Strange,XOne,2016,Adventure,Square Enix,0.08,0.02,0.0,0.01,0.11,2015-01-29,"""DONT NOD"", Square Enix",3.4,1400.0,1400.0,"Adventure, RPG",15000.0,209.0,2100.0,817.0
Life is Strange,XOne,2016,Adventure,Square Enix,0.08,0.02,0.0,0.01,0.11,2015-01-29,"""DONT NOD"", Square Enix",3.4,1400.0,1400.0,"Adventure, RPG",15000.0,209.0,2100.0,817.0
Puyo Puyo Tetris,3DS,2014,Puzzle,Sega,0.0,0.0,0.11,0.0,0.11,2014-02-06,"Sega, Sonic Team",3.8,233.0,233.0,"Puzzle, Strategy",3100.0,51.0,333.0,198.0
Machinarium,PC,2009,Adventure,Daedalic,0.0,0.09,0.0,0.02,0.11,2009-10-16,Amanita Design,3.7,222.0,222.0,"Adventure, Indie, Point-and-Click, Puzzle",1600.0,18.0,473.0,242.0
Tales of Berseria,PS3,2016,Role-Playing,Namco Bandai Games,0.0,0.0,0.11,0.0,0.11,2016-08-18,"Bandai Namco Entertainment America, Bandai Namco Studios",3.7,555.0,555.0,RPG,3300.0,293.0,2400.0,657.0
Terraria,PSV,2013,Action,Screenlife,0.0,0.01,0.09,0.0,0.11,2011-05-16,"Re-Logic, Headup Games",4.0,1300.0,1300.0,"Adventure, Indie, Platform, RPG, Strategy",18000.0,673.0,2200.0,593.0
Sonic Generations,PC,2011,Platform,Sega,0.02,0.07,0.0,0.02,0.11,2011-11-01,"Sonic Team, Sega",3.8,1100.0,1100.0,"Adventure, Platform",9900.0,133.0,1700.0,480.0
Shovel Knight,WiiU,2015,Platform,Yacht Club Games,0.06,0.04,0.0,0.01,0.11,2014-06-26,Yacht Club Games,4.0,761.0,761.0,"Adventure, Indie, Platform",8500.0,135.0,1900.0,1200.0
Shovel Knight,WiiU,2015,Platform,Yacht Club Games,0.06,0.04,0.0,0.01,0.11,2014-06-26,Yacht Club Games,4.0,761.0,761.0,"Adventure, Indie, Platform",8500.0,135.0,1900.0,1200.0
The Wolf Among Us,PS3,2014,Adventure,Telltale Games,0.05,0.03,0.0,0.02,0.1,2013-10-11,Telltale Games,3.9,837.0,837.0,"Adventure, Point-and-Click",8100.0,81.0,1500.0,678.0
Beyond Good & Evil,XB,2003,Adventure,Ubisoft,0.08,0.02,0.0,0.0,0.1,2003-11-11,"Ubisoft Shanghai, Ubisoft",3.9,436.0,436.0,"Adventure, Shooter",2300.0,35.0,1500.0,629.0
Marvel vs. Capcom: Clash of Super Heroes,DC,1999,Fighting,Capcom,0.0,0.0,0.1,0.0,0.1,1998-01-12,"Virgin Interactive Entertainment (Europe) Ltd., Capcom",3.7,269.0,269.0,Fighting,2000.0,8.0,143.0,100.0
Persona 5,PS3,2016,Role-Playing,Unknown,0.0,0.0,0.1,0.0,0.1,2016-09-15,"Atlus, Atlus USA",4.1,1800.0,1800.0,"Adventure, RPG, Turn Based Strategy",16000.0,630.0,2800.0,1700.0
Persona 5,PS3,2016,Role-Playing,Unknown,0.0,0.0,0.1,0.0,0.1,2016-09-15,"Atlus, Atlus USA",4.1,1800.0,1800.0,"Adventure, RPG, Turn Based Strategy",16000.0,630.0,2800.0,1700.0
Persona 5,PS3,2016,Role-Playing,Unknown,0.0,0.0,0.1,0.0,0.1,2016-09-15,"Atlus, Atlus USA",4.1,1800.0,1800.0,"Adventure, RPG, Turn Based Strategy",16000.0,630.0,2800.0,1700.0
Psychonauts,PS2,2005,Platform,Majesco Entertainment,0.05,0.04,0.0,0.01,0.09,2005-04-19,"Double Fine Productions, Majesco Entertainment",4.0,1200.0,1200.0,"Adventure, Platform",7100.0,388.0,4200.0,1200.0
Psychonauts,PS2,2005,Platform,Majesco Entertainment,0.05,0.04,0.0,0.01,0.09,2005-04-19,"Double Fine Productions, Majesco Entertainment",4.0,1200.0,1200.0,"Adventure, Platform",7100.0,388.0,4200.0,1200.0
Digimon World: Next Order,PSV,2016,Action,Namco Bandai Games,0.0,0.0,0.09,0.0,0.09,2016-03-17,"Bandai Namco Entertainment Europe, B.B. Studio",3.1,66.0,66.0,"Adventure, RPG, Simulator",321.0,40.0,242.0,133.0
Devil May Cry 4,PS4,2015,Action,Capcom,0.01,0.0,0.08,0.0,0.09,2008-01-31,"Capcom, Capcom Production Studio 1",3.6,511.0,511.0,"Adventure, Brawler",6500.0,84.0,1700.0,681.0
Ninja Gaiden Black,XB,2005,Action,Microsoft Game Studios,0.07,0.02,0.0,0.0,0.09,2005-09-20,"Team NINJA, Tecmo",4.3,294.0,294.0,"Adventure, Brawler",992.0,41.0,495.0,343.0
Shin Megami Tensei,PS,2001,Role-Playing,Atlus,0.0,0.0,0.09,0.01,0.09,1992-10-30,Atlus,3.3,433.0,433.0,RPG,1300.0,146.0,868.0,455.0
Ikaruga,GC,2003,Shooter,Atari,0.07,0.02,0.0,0.0,0.09,2001-12-20,Treasure,4.0,364.0,364.0,"Arcade, Indie, Puzzle, Shooter",1300.0,37.0,664.0,424.0
Back to the Future: The Game,PS3,2011,Adventure,Telltale Games,0.07,0.01,0.0,0.01,0.09,2010-12-22,Telltale Games,3.2,94.0,94.0,"Adventure, Point-and-Click",763.0,5.0,223.0,67.0
Killer7,PS2,2005,Action,Capcom,0.04,0.03,0.0,0.01,0.09,2005-06-09,"Capcom, Grasshopper Manufacture",4.3,1200.0,1200.0,"Adventure, Shooter",2800.0,237.0,2500.0,1300.0
Ys VIII: Lacrimosa of Dana,PSV,2016,Role-Playing,Nihon Falcom Corporation,0.0,0.0,0.09,0.0,0.09,2016-07-21,"NIS America, Nihon Falcom",4.2,620.0,620.0,"Adventure, RPG",1900.0,131.0,1100.0,575.0
Tom Clancy's Splinter Cell: Pandora Tomorrow,GC,2004,Action,Ubisoft,0.06,0.02,0.0,0.0,0.08,2004-03-23,"Ubisoft Shanghai, Ubisoft Entertainment",3.4,137.0,137.0,"Shooter, Tactical",1000.0,7.0,317.0,123.0
Final Fantasy VI,PS,1999,Role-Playing,Sony Computer Entertainment,0.0,0.0,0.08,0.01,0.08,1994-04-02,"Square Enix, Square",4.4,1600.0,1600.0,"Adventure, RPG",6100.0,312.0,3300.0,1300.0
Rayman Origins,PC,2012,Platform,Ubisoft,0.0,0.06,0.0,0.01,0.08,2011-11-15,"Ubisoft Montpellier, Ubisoft Entertainment",3.8,547.0,547.0,"Adventure, Platform",6200.0,85.0,1200.0,417.0
Terraria,3DS,2016,Action,505 Games,0.0,0.03,0.04,0.0,0.08,2011-05-16,"Re-Logic, Headup Games",4.0,1300.0,1300.0,"Adventure, Indie, Platform, RPG, Strategy",18000.0,673.0,2200.0,593.0
Resident Evil 3: Nemesis,GC,2003,Action,Capcom,0.06,0.02,0.0,0.0,0.08,1999-09-22,"Capcom, Capcom Planning Room 2",3.8,849.0,849.0,"Adventure, Shooter",4300.0,56.0,953.0,496.0
Metal Gear Solid V: The Phantom Pain,PC,2015,Action,Konami Digital Entertainment,0.0,0.07,0.0,0.0,0.08,2015-09-01,"Konami, Kojima Productions",3.8,1500.0,1500.0,"Adventure, Shooter, Tactical",14000.0,503.0,4500.0,1200.0
Shovel Knight,PS4,2015,Platform,Yacht Club Games,0.03,0.03,0.0,0.01,0.08,2014-06-26,Yacht Club Games,4.0,761.0,761.0,"Adventure, Indie, Platform",8500.0,135.0,1900.0,1200.0
Shovel Knight,PS4,2015,Platform,Yacht Club Games,0.03,0.03,0.0,0.01,0.08,2014-06-26,Yacht Club Games,4.0,761.0,761.0,"Adventure, Indie, Platform",8500.0,135.0,1900.0,1200.0
Beyond Good & Evil,GC,2003,Adventure,Ubisoft,0.06,0.01,0.0,0.0,0.07,2003-11-11,"Ubisoft Shanghai, Ubisoft",3.9,436.0,436.0,"Adventure, Shooter",2300.0,35.0,1500.0,629.0
The Wolf Among Us,XOne,2014,Adventure,Telltale Games,0.05,0.02,0.0,0.01,0.07,2013-10-11,Telltale Games,3.9,837.0,837.0,"Adventure, Point-and-Click",8100.0,81.0,1500.0,678.0
Dark Souls,PC,2012,Role-Playing,Namco Bandai Games,0.0,0.06,0.0,0.01,0.07,2011-09-22,"FromSoftware, Bandai Namco Entertainment",4.3,2100.0,2100.0,"Adventure, RPG",14000.0,447.0,2500.0,1400.0
Dark Souls,PC,2012,Role-Playing,Namco Bandai Games,0.0,0.06,0.0,0.01,0.07,2011-09-22,"FromSoftware, Bandai Namco Entertainment",4.3,2100.0,2100.0,"Adventure, RPG",14000.0,447.0,2500.0,1400.0
Dark Souls,PC,2012,Role-Playing,Namco Bandai Games,0.0,0.06,0.0,0.01,0.07,2011-09-22,"FromSoftware, Bandai Namco Entertainment",4.3,2100.0,2100.0,"Adventure, RPG",14000.0,447.0,2500.0,1400.0
"Flower, Sun, and Rain",DS,2008,Adventure,Rising Star Games,0.07,0.0,0.0,0.01,0.07,2001-05-02,"Grasshopper Manufacture, Victor Interactive Software",4.3,466.0,466.0,"Adventure, Puzzle",632.0,32.0,1000.0,1100.0
"Flower, Sun, and Rain",DS,2008,Adventure,Rising Star Games,0.07,0.0,0.0,0.01,0.07,2001-05-02,"Grasshopper Manufacture, Victor Interactive Software",4.3,466.0,466.0,"Adventure, Puzzle",632.0,32.0,1000.0,1100.0
Haunting Ground,PS2,2005,Action,Capcom,0.03,0.03,0.0,0.01,0.07,2005-04-21,"Capcom Production Studio 1, Capcom",3.8,281.0,281.0,Adventure,597.0,29.0,625.0,572.0
The Wolf Among Us,PSV,2014,Adventure,Telltale Games,0.05,0.0,0.0,0.02,0.07,2013-10-11,Telltale Games,3.9,837.0,837.0,"Adventure, Point-and-Click",8100.0,81.0,1500.0,678.0
Metal Gear Solid,GB,2000,Action,Konami Digital Entertainment,0.0,0.0,0.07,0.0,0.07,1998-09-03,"Microsoft, Konami Computer Entertainment Japan",4.2,1900.0,1900.0,"Adventure, Tactical",12000.0,287.0,3000.0,1600.0
Resident Evil 5,PC,2009,Action,Capcom,0.01,0.04,0.0,0.01,0.07,2009-03-05,Capcom,3.1,1000.0,1000.0,"Adventure, Shooter",10000.0,176.0,1600.0,561.0
Alan Wake,PC,2012,Action,Nordic Games,0.0,0.06,0.0,0.01,0.07,2010-05-14,"Microsoft Game Studios, Remedy Entertainment",3.6,702.0,702.0,"Adventure, Shooter",6200.0,96.0,2000.0,741.0
Resident Evil 6,PS4,2016,Shooter,Capcom,0.05,0.0,0.0,0.01,0.07,2012-10-02,Capcom,2.5,888.0,888.0,"Adventure, Shooter",7800.0,189.0,1800.0,552.0
Resident Evil 6,PS4,2016,Shooter,Capcom,0.05,0.0,0.0,0.01,0.07,2012-10-02,Capcom,2.5,888.0,888.0,"Adventure, Shooter",7800.0,189.0,1800.0,552.0
The LEGO Movie Videogame,PC,2014,Action,Warner Bros. Interactive Entertainment,0.02,0.04,0.0,0.01,0.06,2014-02-04,"WB Games, TT Fusion",2.8,184.0,184.0,"Adventure, Puzzle",1700.0,11.0,239.0,73.0
Tom Clancy's Splinter Cell: Pandora Tomorrow,GBA,2004,Action,Ubisoft,0.05,0.02,0.0,0.0,0.06,2004-03-23,"Ubisoft Shanghai, Ubisoft Entertainment",3.4,137.0,137.0,"Shooter, Tactical",1000.0,7.0,317.0,123.0
Zero Escape: Zero Time Dilemma,3DS,2016,Adventure,Aksys Games,0.04,0.0,0.01,0.01,0.06,2016-06-28,"Aksys Games, Spike ChunSoft",3.0,350.0,350.0,"Adventure, Puzzle, RPG, Strategy, Visual Novel",2900.0,64.0,1200.0,402.0
Terraria,PS4,2014,Action,505 Games,0.0,0.05,0.01,0.01,0.06,2011-05-16,"Re-Logic, Headup Games",4.0,1300.0,1300.0,"Adventure, Indie, Platform, RPG, Strategy",18000.0,673.0,2200.0,593.0
Zero Escape: Zero Time Dilemma,PSV,2016,Adventure,Aksys Games,0.03,0.0,0.02,0.01,0.06,2016-06-28,"Aksys Games, Spike ChunSoft",3.0,350.0,350.0,"Adventure, Puzzle, RPG, Strategy, Visual Novel",2900.0,64.0,1200.0,402.0
The Witcher,PC,2007,Role-Playing,Atari,0.0,0.05,0.0,0.01,0.06,2007-10-26,"Atari, CD Projekt RED",3.0,220.0,220.0,"Adventure, RPG",1600.0,57.0,540.0,168.0
Odin Sphere: Leifthrasir,PS3,2016,Role-Playing,Nippon Ichi Software,0.01,0.02,0.03,0.01,0.06,2016-01-14,"Atlus, Vanillaware",4.1,228.0,228.0,RPG,895.0,71.0,740.0,349.0
Remember Me,PC,2013,Action,Capcom,0.0,0.05,0.0,0.01,0.06,2013-06-03,"Capcom, ""DONT NOD""",2.9,179.0,179.0,"Adventure, Platform",1600.0,22.0,526.0,239.0
Back to the Future: The Game,Wii,2011,Adventure,Telltale Games,0.05,0.0,0.0,0.0,0.06,2010-12-22,Telltale Games,3.2,94.0,94.0,"Adventure, Point-and-Click",763.0,5.0,223.0,67.0
S.T.A.L.K.E.R.: Shadow of Chernobyl,PC,2007,Shooter,THQ,0.01,0.04,0.0,0.01,0.06,2007-03-20,"GSC Game World, THQ",3.9,426.0,426.0,"RPG, Shooter",2500.0,119.0,1400.0,583.0
Resident Evil 2,GC,2003,Action,Capcom,0.04,0.01,0.0,0.0,0.06,2019-01-25,"Capcom, Capcom Development Division 1",4.3,2500.0,2500.0,"Adventure, Shooter",15000.0,585.0,3600.0,1900.0
Resident Evil 2,GC,2003,Action,Capcom,0.04,0.01,0.0,0.0,0.06,2019-01-25,"Capcom, Capcom Development Division 1",4.3,2500.0,2500.0,"Adventure, Shooter",15000.0,585.0,3600.0,1900.0
Resident Evil 2,GC,2003,Action,Capcom,0.04,0.01,0.0,0.0,0.06,1998-01-21,"Capcom, Factor 5",4.2,1100.0,1100.0,"Adventure, Shooter",5500.0,54.0,1100.0,597.0
Resident Evil 2,GC,2003,Action,Capcom,0.04,0.01,0.0,0.0,0.06,2019-01-25,"Capcom, Capcom Development Division 1",4.3,2500.0,2500.0,"Adventure, Shooter",15000.0,585.0,3600.0,1900.0
Resident Evil 2,GC,2003,Action,Capcom,0.04,0.01,0.0,0.0,0.06,1998-01-21,"Capcom, Factor 5",4.2,1100.0,1100.0,"Adventure, Shooter",5500.0,54.0,1100.0,597.0
Mirror's Edge,PC,2009,Platform,Electronic Arts,0.0,0.05,0.0,0.01,0.06,2008-11-11,"Electronic Arts, EA Digital Illusions CE",3.5,788.0,788.0,"Adventure, Platform, Shooter",12000.0,117.0,2100.0,813.0
Dark Souls III,PC,2016,Role-Playing,Namco Bandai Games,0.0,0.05,0.0,0.0,0.05,2016-03-24,"Bandai Namco Entertainment, FromSoftware",4.2,2400.0,2400.0,"Adventure, RPG",19000.0,851.0,4300.0,2200.0
Dark Souls III,PC,2016,Role-Playing,Namco Bandai Games,0.0,0.05,0.0,0.0,0.05,2016-03-24,"Bandai Namco Entertainment, FromSoftware",4.2,2400.0,2400.0,"Adventure, RPG",19000.0,851.0,4300.0,2200.0
Dark Souls III,PC,2016,Role-Playing,Namco Bandai Games,0.0,0.05,0.0,0.0,0.05,2016-03-24,"Bandai Namco Entertainment, FromSoftware",4.2,2400.0,2400.0,"Adventure, RPG",19000.0,851.0,4300.0,2200.0
Persona 2: Eternal Punishment,PSP,2012,Role-Playing,Atlus,0.0,0.0,0.05,0.0,0.05,2000-06-29,Atlus,4.1,594.0,594.0,"Adventure, RPG",1600.0,107.0,2000.0,993.0
Mortal Kombat X,PC,2015,Fighting,Warner Bros. Interactive Entertainment,0.01,0.04,0.0,0.0,0.05,2015-04-13,"NetherRealm Studios, WB Games",3.3,430.0,430.0,Fighting,7100.0,43.0,602.0,138.0
Plants vs. Zombies,PC,2009,Strategy,PopCap Games,0.0,0.04,0.0,0.01,0.05,2009-05-05,PopCap Games,3.7,719.0,719.0,"Puzzle, Real Time Strategy, Simulator, Strategy, Tactical",14000.0,117.0,493.0,82.0
Street Fighter V,PC,2016,Fighting,Capcom,0.0,0.05,0.0,0.0,0.05,2016-02-15,Capcom,3.0,377.0,377.0,"Arcade, Fighting",5000.0,109.0,482.0,166.0
Puyo Puyo Tetris,PSV,2014,Puzzle,Sega,0.0,0.0,0.05,0.0,0.05,2014-02-06,"Sega, Sonic Team",3.8,233.0,233.0,"Puzzle, Strategy",3100.0,51.0,333.0,198.0
Mighty No. 9,PS4,2016,Platform,Deep Silver,0.04,0.0,0.0,0.01,0.05,2016-06-21,"Inti Creates, Deep Silver",1.6,137.0,137.0,"Adventure, Arcade, Platform, Shooter",907.0,5.0,263.0,71.0
Resident Evil 6,PC,2012,Shooter,Capcom,0.0,0.04,0.0,0.01,0.04,2012-10-02,Capcom,2.5,888.0,888.0,"Adventure, Shooter",7800.0,189.0,1800.0,552.0
Resident Evil 6,PC,2012,Shooter,Capcom,0.0,0.04,0.0,0.01,0.04,2012-10-02,Capcom,2.5,888.0,888.0,"Adventure, Shooter",7800.0,189.0,1800.0,552.0
Puyo Puyo Tetris,PS3,2014,Puzzle,Sega,0.0,0.0,0.04,0.0,0.04,2014-02-06,"Sega, Sonic Team",3.8,233.0,233.0,"Puzzle, Strategy",3100.0,51.0,333.0,198.0
Life is Strange,PC,2016,Adventure,Square Enix,0.01,0.03,0.0,0.0,0.04,2015-01-29,"""DONT NOD"", Square Enix",3.4,1400.0,1400.0,"Adventure, RPG",15000.0,209.0,2100.0,817.0
Life is Strange,PC,2016,Adventure,Square Enix,0.01,0.03,0.0,0.0,0.04,2015-01-29,"""DONT NOD"", Square Enix",3.4,1400.0,1400.0,"Adventure, RPG",15000.0,209.0,2100.0,817.0
Life is Strange,PC,2016,Adventure,Square Enix,0.01,0.03,0.0,0.0,0.04,2015-01-29,"""DONT NOD"", Square Enix",3.4,1400.0,1400.0,"Adventure, RPG",15000.0,209.0,2100.0,817.0
Devil May Cry 4,PC,2008,Action,Capcom,0.01,0.02,0.0,0.01,0.04,2008-01-31,"Capcom, Capcom Production Studio 1",3.6,511.0,511.0,"Adventure, Brawler",6500.0,84.0,1700.0,681.0
The Wolf Among Us,X360,2011,Adventure,Telltale Games,0.01,0.03,0.0,0.0,0.04,2013-10-11,Telltale Games,3.9,837.0,837.0,"Adventure, Point-and-Click",8100.0,81.0,1500.0,678.0
Grand Theft Auto: Vice City,PC,2003,Action,Take-Two Interactive,0.0,0.03,0.0,0.01,0.04,2002-10-27,"Rockstar Games, Rockstar North",3.8,1000.0,1000.0,"Adventure, Arcade, Racing, Shooter",12000.0,125.0,1600.0,526.0
Worms Armageddon,N64,1999,Strategy,Infogrames,0.03,0.01,0.0,0.0,0.04,1999-01-29,"Team17, Infogrames Europe",3.8,180.0,180.0,"Platform, Shooter, Strategy",2100.0,15.0,150.0,57.0
Terraria,XOne,2014,Action,505 Games,0.0,0.04,0.0,0.0,0.04,2011-05-16,"Re-Logic, Headup Games",4.0,1300.0,1300.0,"Adventure, Indie, Platform, RPG, Strategy",18000.0,673.0,2200.0,593.0
Resident Evil: Revelations,PC,2013,Action,Capcom,0.0,0.03,0.0,0.01,0.04,2012-01-26,"Tose, Capcom",3.2,469.0,469.0,"Adventure, Shooter",2900.0,55.0,939.0,297.0
Shadow of the Colossus,PS3,2011,Action,Sony Computer Entertainment,0.0,0.0,0.04,0.0,0.04,2005-10-18,"Sony Computer Entertainment, Inc. (SCEI), Team Ico",4.4,1500.0,1500.0,"Adventure, Platform, Puzzle",10000.0,134.0,2900.0,1700.0
Shadow of the Colossus,PS3,2011,Action,Sony Computer Entertainment,0.0,0.0,0.04,0.0,0.04,2018-02-06,"Sony Interactive Entertainment, Bluepoint Games",4.1,1100.0,1100.0,"Adventure, Platform, Puzzle",7800.0,242.0,3200.0,1600.0
Shadow of the Colossus,PS3,2011,Action,Sony Computer Entertainment,0.0,0.0,0.04,0.0,0.04,2005-10-18,"Sony Computer Entertainment, Inc. (SCEI), Team Ico",4.4,1500.0,1500.0,"Adventure, Platform, Puzzle",10000.0,134.0,2900.0,1700.0
Shadow of the Colossus,PS3,2011,Action,Sony Computer Entertainment,0.0,0.0,0.04,0.0,0.04,2018-02-06,"Sony Interactive Entertainment, Bluepoint Games",4.1,1100.0,1100.0,"Adventure, Platform, Puzzle",7800.0,242.0,3200.0,1600.0
Shadow of the Colossus,PS3,2011,Action,Sony Computer Entertainment,0.0,0.0,0.04,0.0,0.04,2005-10-18,"Sony Computer Entertainment, Inc. (SCEI), Team Ico",4.4,1500.0,1500.0,"Adventure, Platform, Puzzle",10000.0,134.0,2900.0,1700.0
Brothers: A Tale of Two Sons,XOne,2015,Adventure,505 Games,0.03,0.01,0.0,0.0,0.04,2013-08-07,"Starbreeze Studios, Spike ChunSoft",3.5,511.0,511.0,"Adventure, Indie, Puzzle",4000.0,28.0,1300.0,334.0
Saints Row 2,PC,2009,Action,THQ,0.0,0.03,0.0,0.01,0.04,2008-10-14,"Volition, THQ",3.7,412.0,412.0,"Adventure, Racing, Shooter",3600.0,56.0,803.0,191.0
Resident Evil 6,XOne,2016,Shooter,Capcom,0.03,0.0,0.0,0.0,0.04,2012-10-02,Capcom,2.5,888.0,888.0,"Adventure, Shooter",7800.0,189.0,1800.0,552.0
Resident Evil 6,XOne,2016,Shooter,Capcom,0.03,0.0,0.0,0.0,0.04,2012-10-02,Capcom,2.5,888.0,888.0,"Adventure, Shooter",7800.0,189.0,1800.0,552.0
Chaos;Head Noah,X360,2009,Adventure,5pb,0.0,0.0,0.04,0.0,0.04,2009-02-26,5pb.,4.0,84.0,84.0,"Adventure, Simulator, Visual Novel",199.0,73.0,215.0,174.0
Chaos;Head Noah,X360,2009,Adventure,5pb,0.0,0.0,0.04,0.0,0.04,2009-02-26,5pb.,4.0,84.0,84.0,"Adventure, Simulator, Visual Novel",199.0,73.0,215.0,174.0
Alpha Protocol,PC,2010,Role-Playing,Sega,0.0,0.03,0.0,0.01,0.04,2010-05-28,"Obsidian Entertainment, Sega",3.3,170.0,170.0,"RPG, Shooter",987.0,9.0,511.0,182.0
Planescape: Torment,PC,1998,Role-Playing,Interplay,0.01,0.02,0.0,0.01,0.04,1999-12-12,"Interplay Entertainment, Black Isle Studios",4.3,417.0,417.0,"RPG, Strategy",1100.0,74.0,1100.0,518.0
Hitman: Blood Money,PC,2006,Action,Eidos Interactive,0.0,0.03,0.0,0.01,0.04,2006-05-26,"IO Interactive, Eidos Interactive",4.0,414.0,414.0,Shooter,3200.0,37.0,859.0,238.0
JoJo's Bizarre Adventure: Eyes of Heaven,PS4,2015,Fighting,Namco Bandai Games,0.0,0.0,0.03,0.0,0.03,2015-12-17,"CyberConnect2, Bandai Namco Entertainment",2.8,106.0,106.0,"Arcade, Fighting",1700.0,36.0,276.0,196.0
The Walking Dead: Season One,PC,2012,Adventure,Avanquest Software,0.0,0.03,0.0,0.01,0.03,2012-04-24,"Telltale Games, Sony Computer Entertainment",4.0,1200.0,1200.0,"Adventure, Point-and-Click",12000.0,111.0,1100.0,467.0
JoJo's Bizarre Adventure: Eyes of Heaven,PS3,2015,Fighting,Namco Bandai Games,0.0,0.0,0.03,0.0,0.03,2015-12-17,"CyberConnect2, Bandai Namco Entertainment",2.8,106.0,106.0,"Arcade, Fighting",1700.0,36.0,276.0,196.0
Shantae and the Pirate's Curse,3DS,2015,Platform,Intergrow,0.0,0.0,0.03,0.0,0.03,2014-10-22,"WayForward Technologies, Intergrow",3.8,392.0,392.0,"Adventure, Indie, Platform, RPG",2200.0,72.0,1100.0,449.0
Resident Evil 4,PC,2007,Action,Ubisoft,0.0,0.02,0.0,0.01,0.03,2005-01-11,"Capcom, Capcom Production Studio 4",4.3,2300.0,2300.0,Shooter,14000.0,360.0,3000.0,1200.0
Resident Evil 4,PC,2007,Action,Ubisoft,0.0,0.02,0.0,0.01,0.03,2005-01-11,"Capcom, Capcom Production Studio 4",4.3,2300.0,2300.0,Shooter,14000.0,360.0,3000.0,1200.0
Resident Evil 4,PC,2007,Action,Ubisoft,0.0,0.02,0.0,0.01,0.03,2005-01-11,"Capcom, Capcom Production Studio 4",4.3,2300.0,2300.0,Shooter,14000.0,360.0,3000.0,1200.0
Braid,PC,2009,Platform,Number None,0.0,0.02,0.0,0.01,0.03,2008-08-06,"Number None Inc., Microsoft Game Studios",3.4,380.0,380.0,"Adventure, Indie, Platform, Puzzle, Strategy",3500.0,26.0,782.0,385.0
Star Wars: The Force Unleashed II,PC,2010,Action,LucasArts,0.03,0.0,0.0,0.0,0.03,2010-10-26,LucasArts,2.8,242.0,242.0,"Adventure, Brawler, RPG",4100.0,18.0,597.0,268.0
Disney's Aladdin,GBA,2003,Platform,Capcom,0.02,0.01,0.0,0.0,0.03,1993-11-21,Capcom,3.4,203.0,203.0,"Adventure, Arcade, Platform",2200.0,9.0,192.0,85.0
Doom,PC,1992,Shooter,id Software,0.02,0.0,0.0,0.0,0.03,2016-05-12,"id Software, Bethesda Softworks",4.0,1800.0,1800.0,Shooter,18000.0,541.0,4000.0,1400.0
Doom,PC,1992,Shooter,id Software,0.02,0.0,0.0,0.0,0.03,1993-12-10,"Activision, id Software",4.0,1400.0,1400.0,Shooter,11000.0,203.0,1500.0,514.0
Doom,PC,1992,Shooter,id Software,0.02,0.0,0.0,0.0,0.03,2016-05-12,"id Software, Bethesda Softworks",4.0,1800.0,1800.0,Shooter,18000.0,541.0,4000.0,1400.0
Doom,PC,1992,Shooter,id Software,0.02,0.0,0.0,0.0,0.03,1993-12-10,"Activision, id Software",4.0,1400.0,1400.0,Shooter,11000.0,203.0,1500.0,514.0
Doom,PC,1992,Shooter,id Software,0.02,0.0,0.0,0.0,0.03,2016-05-12,"id Software, Bethesda Softworks",4.0,1800.0,1800.0,Shooter,18000.0,541.0,4000.0,1400.0
Doom,PC,1992,Shooter,id Software,0.02,0.0,0.0,0.0,0.03,1993-12-10,"Activision, id Software",4.0,1400.0,1400.0,Shooter,11000.0,203.0,1500.0,514.0
Doom,PC,1992,Shooter,id Software,0.02,0.0,0.0,0.0,0.03,2017-11-10,"Bethesda Softworks, id Software",3.9,80.0,80.0,Shooter,2300.0,37.0,393.0,150.0
Max Payne,GBA,2003,Shooter,Take-Two Interactive,0.02,0.01,0.0,0.0,0.03,2001-07-23,"Gathering of Developers, Remedy Entertainment",3.9,786.0,786.0,Shooter,6300.0,102.0,1500.0,742.0
Max Payne,GBA,2003,Shooter,Take-Two Interactive,0.02,0.01,0.0,0.0,0.03,2001-07-23,"Gathering of Developers, Remedy Entertainment",3.9,786.0,786.0,Shooter,6300.0,102.0,1500.0,742.0
Max Payne 2: The Fall of Max Payne,PC,2003,Shooter,Take-Two Interactive,0.0,0.02,0.0,0.0,0.03,2003-10-14,"Remedy Entertainment, Rockstar Games",4.1,553.0,553.0,Shooter,4100.0,37.0,1100.0,464.0
Bully: Scholarship Edition,PC,2008,Action,Take-Two Interactive,0.0,0.02,0.0,0.0,0.03,2008-02-04,"Rockstar Games, Rockstar Toronto",4.0,330.0,330.0,Adventure,3900.0,92.0,1000.0,457.0
Terraria,WiiU,2016,Action,505 Games,0.0,0.02,0.0,0.0,0.03,2011-05-16,"Re-Logic, Headup Games",4.0,1300.0,1300.0,"Adventure, Indie, Platform, RPG, Strategy",18000.0,673.0,2200.0,593.0
Back to the Future: The Game,X360,2015,Adventure,Telltale Games,0.02,0.01,0.0,0.0,0.03,2010-12-22,Telltale Games,3.2,94.0,94.0,"Adventure, Point-and-Click",763.0,5.0,223.0,67.0
LEGO Harry Potter: Years 1-4,PC,2010,Action,Warner Bros. Interactive Entertainment,0.01,0.01,0.0,0.0,0.02,2010-06-25,"WB Games, ""Travellers Tales""",3.2,349.0,349.0,"Adventure, Platform, Puzzle",4100.0,53.0,449.0,113.0
Left 4 Dead,PC,2008,Shooter,Electronic Arts,0.0,0.02,0.0,0.0,0.02,2008-11-17,"Certain Affinity, Valve",3.6,488.0,488.0,Shooter,8600.0,35.0,772.0,213.0
Chaos;Head Noah,PSP,2010,Adventure,5pb,0.0,0.0,0.02,0.0,0.02,2009-02-26,5pb.,4.0,84.0,84.0,"Adventure, Simulator, Visual Novel",199.0,73.0,215.0,174.0
Chaos;Head Noah,PSP,2010,Adventure,5pb,0.0,0.0,0.02,0.0,0.02,2009-02-26,5pb.,4.0,84.0,84.0,"Adventure, Simulator, Visual Novel",199.0,73.0,215.0,174.0
Rule of Rose,PS2,2006,Action,505 Games,0.01,0.01,0.0,0.0,0.02,2006-01-19,"Atlus USA, Punchline",3.8,394.0,394.0,"Adventure, Puzzle",727.0,33.0,796.0,770.0
Max Payne,PC,2001,Shooter,Take-Two Interactive,0.0,0.02,0.0,0.0,0.02,2001-07-23,"Gathering of Developers, Remedy Entertainment",3.9,786.0,786.0,Shooter,6300.0,102.0,1500.0,742.0
Max Payne,PC,2001,Shooter,Take-Two Interactive,0.0,0.02,0.0,0.0,0.02,2001-07-23,"Gathering of Developers, Remedy Entertainment",3.9,786.0,786.0,Shooter,6300.0,102.0,1500.0,742.0
Rocket League,PC,2016,Sports,505 Games,0.01,0.01,0.0,0.0,0.02,2015-07-06,Psyonix,3.4,917.0,917.0,"Indie, Racing, Sport",17000.0,564.0,698.0,113.0
Rocket League,PC,2016,Sports,505 Games,0.01,0.01,0.0,0.0,0.02,2015-07-06,Psyonix,3.4,917.0,917.0,"Indie, Racing, Sport",17000.0,564.0,698.0,113.0
Rocket League,PC,2016,Sports,505 Games,0.01,0.01,0.0,0.0,0.02,2015-07-06,Psyonix,3.4,917.0,917.0,"Indie, Racing, Sport",17000.0,564.0,698.0,113.0
Deus Ex: Mankind Divided,PC,2016,Role-Playing,Square Enix,0.0,0.02,0.0,0.0,0.02,2016-08-23,Square Enix,3.5,387.0,387.0,"Adventure, RPG, Shooter",3400.0,72.0,2000.0,458.0
Mount & Blade: Warband,PC,2010,Role-Playing,Paradox Interactive,0.01,0.01,0.0,0.0,0.02,2010-03-31,"Paradox Interactive, Taleworlds",3.9,168.0,168.0,"Adventure, RPG, Shooter, Simulator, Strategy",2400.0,39.0,309.0,110.0
Mighty No. 9,WiiU,2016,Platform,Deep Silver,0.01,0.01,0.0,0.0,0.02,2016-06-21,"Inti Creates, Deep Silver",1.6,137.0,137.0,"Adventure, Arcade, Platform, Shooter",907.0,5.0,263.0,71.0
Back to the Future: The Game,XOne,2015,Adventure,Telltale Games,0.0,0.02,0.0,0.0,0.02,2010-12-22,Telltale Games,3.2,94.0,94.0,"Adventure, Point-and-Click",763.0,5.0,223.0,67.0
Gears of War,PC,2007,Shooter,Microsoft Game Studios,0.0,0.01,0.0,0.0,0.02,2006-11-07,"Microsoft Game Studios, Epic Games",3.5,522.0,522.0,Shooter,5300.0,37.0,545.0,307.0
Puyo Puyo Tetris,WiiU,2014,Puzzle,Sega,0.0,0.0,0.02,0.0,0.02,2014-02-06,"Sega, Sonic Team",3.8,233.0,233.0,"Puzzle, Strategy",3100.0,51.0,333.0,198.0
Phoenix Wright: Ace Attorney Trilogy,3DS,2014,Adventure,Capcom,0.0,0.0,0.02,0.0,0.02,2014-04-17,Capcom,4.3,516.0,516.0,"Adventure, Puzzle, Simulator, Visual Novel",4000.0,644.0,1900.0,779.0
Phoenix Wright: Ace Attorney Trilogy,3DS,2014,Adventure,Capcom,0.0,0.0,0.02,0.0,0.02,2014-04-17,Capcom,4.3,516.0,516.0,"Adventure, Puzzle, Simulator, Visual Novel",4000.0,644.0,1900.0,779.0
Mortal Kombat,PC,1994,Fighting,Acclaim Entertainment,0.01,0.0,0.0,0.0,0.01,2011-04-19,"NetherRealm Studios, WB Games",3.6,468.0,468.0,Fighting,6600.0,19.0,289.0,120.0
Guitar Hero III: Legends of Rock,PC,2007,Misc,Aspyr,0.01,0.0,0.0,0.0,0.01,2007-10-28,"Neversoft Entertainment, Activision",3.9,489.0,489.0,"Music, Simulator",6900.0,21.0,174.0,78.0
Rayman Raving Rabbids,PC,2006,Misc,Ubisoft,0.0,0.01,0.0,0.0,0.01,2006-11-19,"Ubisoft Entertainment, Ubisoft Montpellier",2.7,137.0,137.0,"Adventure, Platform, Puzzle",2700.0,9.0,191.0,63.0
Banjo-Kazooie,X360,2008,Platform,Microsoft Game Studios,0.0,0.01,0.0,0.0,0.01,1998-06-29,"Microsoft Game Studios, Rare",4.0,1200.0,1200.0,"Adventure, Platform",7400.0,205.0,2100.0,765.0
Banjo-Kazooie,X360,2008,Platform,Microsoft Game Studios,0.0,0.01,0.0,0.0,0.01,1998-06-29,"Microsoft Game Studios, Rare",4.0,1200.0,1200.0,"Adventure, Platform",7400.0,205.0,2100.0,765.0
Grand Theft Auto III,PC,2002,Action,Take-Two Interactive,0.0,0.01,0.0,0.0,0.01,2001-10-22,"DMA Design, Rockstar Games",3.3,711.0,711.0,"Adventure, Racing, Shooter, Simulator",7800.0,88.0,1300.0,373.0
Deus Ex,PC,2000,Role-Playing,Eidos Interactive,0.0,0.01,0.0,0.0,0.01,2000-06-26,"Aspyr Media, Ion Storm",4.4,899.0,899.0,"RPG, Shooter",3800.0,189.0,2700.0,958.0
Deus Ex,PC,2000,Role-Playing,Eidos Interactive,0.0,0.01,0.0,0.0,0.01,2000-06-26,"Aspyr Media, Ion Storm",4.4,899.0,899.0,"RPG, Shooter",3800.0,189.0,2700.0,958.0
Chaos;Head Noah,PSV,2014,Adventure,5pb,0.0,0.0,0.01,0.0,0.01,2009-02-26,5pb.,4.0,84.0,84.0,"Adventure, Simulator, Visual Novel",199.0,73.0,215.0,174.0
Chaos;Head Noah,PSV,2014,Adventure,5pb,0.0,0.0,0.01,0.0,0.01,2009-02-26,5pb.,4.0,84.0,84.0,"Adventure, Simulator, Visual Novel",199.0,73.0,215.0,174.0
Goat Simulator,XOne,2016,Simulation,Koch Media,0.0,0.01,0.0,0.0,0.01,2014-04-01,Coffee Stain Studios,2.4,337.0,337.0,"Adventure, Indie, Simulator",8400.0,22.0,492.0,125.0
Mighty No. 9,XOne,2016,Platform,Deep Silver,0.01,0.0,0.0,0.0,0.01,2016-06-21,"Inti Creates, Deep Silver",1.6,137.0,137.0,"Adventure, Arcade, Platform, Shooter",907.0,5.0,263.0,71.0
